1,IFF,2.15,,,,,,,,,,,,,,,,,,,,,,,,,,,,,,,,,,,,,,,,,,
0,========================================================================================================,,,,,,,,,,,,,,,,,,,,,,,,,,,,,,,,,,,,,,,,,,,
2,1578123763,7685,3314,,ASR9,,ABC123,1,B739,SFO,?,D,SFO,?,a4460e,,,,,,,,,,,,,,,,,,,,,,,,,,,,,
4,1578123763,7685,3314,,MODE_S,0xE02,ABC123,1,B739,?,?,N,,,,,?,,U,J,U,D/,,,,,,,,,,,,2981,a4460e,,,,,,,,,
4,1578123768,7685,3314,,SFO,0xE02,ABC123,1,B739,?,?,N,,,,,?,,U,J,U,D/,,,,,,,,,,,,2981,a4460e,,,,,,,,,
4,1578123799,7685,3314,,SFO,0xE02,ABC123,1,B739,?,?,N,,,,,?,,U,J,U,D/,,,,,,,,,,,,426,a4460e,,,,,,,,,
4,1578124501,7685,3314,,SMRMODE_S,0xE02,ABC123,1,B739,?,?,N,,,,,?,,U,J,U,D/,,,,,,,,,,,,426,a4460e,,,,,,,,,
4,1578124645,7685,3314,,SMRMODE_SADSB,0xE02,ABC123,1,B739,?,?,N,,,,,?,,U,J,U,D/,,,,,,,,,,,,426,a4460e,,,,,,,,,
4,1578124717,7685,3314,,MODE_SADSBASR9,0xE02,ABC123,1,B739,?,?,N,,,,,?,,U,J,U,D/,,,,,,,,,,,,426,a4460e,,,,,,,,,
4,1578124735,7685,3314,,MODE_SADSB,0xE02,ABC123,1,B739,?,?,N,,,,,?,,U,J,U,D/,,,,,,,,,,,,426,a4460e,,,,,,,,,
4,1578124777,7685,3314,,MODE_S,0xE02,ABC123,1,B739,?,?,N,,,,,?,,U,J,U,D/,,,,,,,,,,,,426,a4460e,,,,,,,,,
4,1578124783,7685,3314,,MODE_SASR9,0xE02,ABC123,1,B739,?,?,N,,,,,?,,U,J,U,D/,,,,,,,,,,,,426,a4460e,,,,,,,,,
4,1578124843,7685,3314,,ASR9,0xE02,ABC123,1,B739,?,?,N,,,,,?,,U,J,U,D/,,,,,,,,,,,,426,a4460e,,,,,,,,,
3,1578123763,7685,3314,,SFO+ASDEX,0xE02,ABC123,1,37.61924,-122.38579,0.06,1,100,100,,3,23,0,,,0,,unassigned,,,,,,,,,,,,,TIP,2981,,a4460e,,,,,
3,1578123796,7685,3314,,SFO+ASDEX,0xE02,ABC123,1,37.6196,-122.3856,0.06,1,100,100,,3,23,0,,,0,,unassigned,,,,,,,,,,,,,TIP,426,,a4460e,,,,,
3,1578123798,7685,3314,,SFO+ASDEX,0xE02,ABC123,1,37.61962,-122.38561,0.06,1,100,100,,3,338,0,,,0,,unassigned,,,,,,,,,,,,,TIP,426,,a4460e,,,,,
3,1578123799,7685,3314,,SFO+ASDEX,0xE02,ABC123,1,37.61963,-122.3856,0.06,1,100,100,,3,38,0,,,0,,unassigned,,,,,,,,,,,,,TIP,426,,a4460e,,,,,
3,1578123800,7685,3314,,SFO+ASDEX,0xE02,ABC123,1,37.61964,-122.3856,0.06,1,100,100,,3,0,0,,,0,,unassigned,,,,,,,,,,,,,TIP,426,,a4460e,,,,,
3,1578123801,7685,3314,,SFO+ASDEX,0xE02,ABC123,1,37.61965,-122.38559,0.06,10,100,100,,3,38,0,,,0,,unassigned,,,,,,,,,,,,,TIP,426,,a4460e,,,,,
3,1578123802,7685,3314,,SFO+ASDEX,0xE02,ABC123,1,37.61966,-122.38558,0.06,1,100,100,,3,38,0,,,0,,unassigned,,,,,,,,,,,,,TIP,426,,a4460e,,,,,
3,1578123805,7685,3314,,SFO+ASDEX,0xE02,ABC123,1,37.61966,-122.38555,0.06,1,100,100,,4,88,0,,,0,,unassigned,,,,,,,,,,,,,TIP,426,,a4460e,,,,,
3,1578123806,7685,3314,,SFO+ASDEX,0xE02,ABC123,1,37.61969,-122.38554,0.06,9,100,100,,4,15,0,,,0,,unassigned,,,,,,,,,,,,,TIP,426,,a4460e,,,,,
3,1578123807,7685,3314,,SFO+ASDEX,0xE02,ABC123,1,37.61971,-122.38553,0.06,1,100,100,,4,22,0,,,0,,unassigned,,,,,,,,,,,,,TIP,426,,a4460e,,,,,
3,1578123808,7685,3314,,SFO+ASDEX,0xE02,ABC123,1,37.61972,-122.38551,0.06,1,100,100,,4,58,0,,,0,,unassigned,,,,,,,,,,,,,TIP,426,,a4460e,,,,,
3,1578123810,7685,3314,,SFO+ASDEX,0xE02,ABC123,1,37.61972,-122.38551,0.06,1,100,100,,4,0,0,,,0,,unassigned,,,,,,,,,,,,,TIP,426,,a4460e,,,,,
3,1578123811,7685,3314,,SFO+ASDEX,0xE02,ABC123,1,37.61973,-122.38549,0.06,2,100,100,,3,58,0,,,0,,unassigned,,,,,,,,,,,,,TIP,426,,a4460e,,,,,
3,1578123812,7685,3314,,SFO+ASDEX,0xE02,ABC123,1,37.61974,-122.38548,0.06,1,100,100,,2,38,0,,,0,,unassigned,,,,,,,,,,,,,TIP,426,,a4460e,,,,,
3,1578123814,7685,3314,,SFO+ASDEX,0xE02,ABC123,1,37.61975,-122.38546,0.06,1,100,100,,2,58,0,,,0,,unassigned,,,,,,,,,,,,,TIP,426,,a4460e,,,,,
3,1578123815,7685,3314,,SFO+ASDEX,0xE02,ABC123,1,37.61976,-122.38546,0.06,10,100,100,,2,0,0,,,0,,unassigned,,,,,,,,,,,,,TIP,426,,a4460e,,,,,
3,1578123816,7685,3314,,SFO+ASDEX,0xE02,ABC123,1,37.61977,-122.38546,0.06,1,100,100,,2,0,0,,,0,,unassigned,,,,,,,,,,,,,TIP,426,,a4460e,,,,,
3,1578123817,7685,3314,,SFO+ASDEX,0xE02,ABC123,1,37.61978,-122.38545,0.06,2,100,100,,2,39,0,,,0,,unassigned,,,,,,,,,,,,,TIP,426,,a4460e,,,,,
3,1578123819,7685,3314,,SFO+ASDEX,0xE02,ABC123,1,37.61979,-122.38543,0.06,2,100,100,,2,58,0,,,0,,unassigned,,,,,,,,,,,,,TIP,426,,a4460e,,,,,
3,1578123820,7685,3314,,SFO+ASDEX,0xE02,ABC123,1,37.6198,-122.38542,0.06,1,100,100,,3,39,0,,,0,,unassigned,,,,,,,,,,,,,TIP,426,,a4460e,,,,,
3,1578123821,7685,3314,,SFO+ASDEX,0xE02,ABC123,1,37.61981,-122.38542,0.06,1,100,100,,2,0,0,,,0,,unassigned,,,,,,,,,,,,,TIP,426,,a4460e,,,,,
3,1578123822,7685,3314,,SFO+ASDEX,0xE02,ABC123,1,37.61982,-122.38541,0.06,10,100,100,,3,38,0,,,0,,unassigned,,,,,,,,,,,,,TIP,426,,a4460e,,,,,
3,1578123824,7685,3314,,SFO+ASDEX,0xE02,ABC123,1,37.61983,-122.3854,0.06,1,100,100,,2,38,0,,,0,,unassigned,,,,,,,,,,,,,TIP,426,,a4460e,,,,,
3,1578123825,7685,3314,,SFO+ASDEX,0xE02,ABC123,1,37.61986,-122.38542,0.06,1,100,100,,3,332,0,,,0,,unassigned,,,,,,,,,,,,,TIP,426,,a4460e,,,,,
3,1578123827,7685,3314,,SFO+ASDEX,0xE02,ABC123,1,37.61988,-122.38543,0.06,1,100,100,,3,338,0,,,0,,unassigned,,,,,,,,,,,,,TIP,426,,a4460e,,,,,
3,1578123828,7685,3314,,SFO+ASDEX,0xE02,ABC123,1,37.61989,-122.38545,0.06,1,100,100,,3,302,0,,,0,,unassigned,,,,,,,,,,,,,TIP,426,,a4460e,,,,,
3,1578123829,7685,3314,,SFO+ASDEX,0xE02,ABC123,1,37.6199,-122.38545,0.06,1,100,100,,2,0,0,,,0,,unassigned,,,,,,,,,,,,,TIP,426,,a4460e,,,,,
3,1578123830,7685,3314,,SFO+ASDEX,0xE02,ABC123,1,37.61991,-122.38546,0.06,1,100,100,,2,322,0,,,0,,unassigned,,,,,,,,,,,,,TIP,426,,a4460e,,,,,
3,1578123856,7685,3314,,SFO+ASDEX,0xE02,ABC123,1,37.61992,-122.38547,0.06,1,100,100,,0,322,0,,,0,,unassigned,,,,,,,,,,,,,TIP,426,,a4460e,,,,,
3,1578123858,7685,3314,,SFO+ASDEX,0xE02,ABC123,1,37.61993,-122.38546,0.06,10,100,100,,2,38,0,,,0,,unassigned,,,,,,,,,,,,,TIP,426,,a4460e,,,,,
3,1578123859,7685,3314,,SFO+ASDEX,0xE02,ABC123,1,37.61994,-122.38545,0.06,1,100,100,,2,38,0,,,0,,unassigned,,,,,,,,,,,,,TIP,426,,a4460e,,,,,
3,1578123860,7685,3314,,SFO+ASDEX,0xE02,ABC123,1,37.61994,-122.38544,0.06,1,100,100,,2,90,0,,,0,,unassigned,,,,,,,,,,,,,TIP,426,,a4460e,,,,,
3,1578123861,7685,3314,,SFO+ASDEX,0xE02,ABC123,1,37.61995,-122.38543,0.06,10,100,100,,2,38,0,,,0,,unassigned,,,,,,,,,,,,,TIP,426,,a4460e,,,,,
3,1578123862,7685,3314,,SFO+ASDEX,0xE02,ABC123,1,37.61996,-122.38542,0.06,1,100,100,,2,38,0,,,0,,unassigned,,,,,,,,,,,,,TIP,426,,a4460e,,,,,
3,1578123864,7685,3314,,SFO+ASDEX,0xE02,ABC123,1,37.61996,-122.38541,0.06,1,100,100,,2,90,0,,,0,,unassigned,,,,,,,,,,,,,TIP,426,,a4460e,,,,,
3,1578123869,7685,3314,,SFO+ASDEX,0xE02,ABC123,1,37.61998,-122.3854,0.06,1,100,100,,2,22,0,,,0,,unassigned,,,,,,,,,,,,,TIP,426,,a4460e,,,,,
3,1578123870,7685,3314,,SFO+ASDEX,0xE02,ABC123,1,37.61998,-122.38539,0.06,1,100,100,,2,90,0,,,0,,unassigned,,,,,,,,,,,,,TIP,426,,a4460e,,,,,
3,1578123871,7685,3314,,SFO+ASDEX,0xE02,ABC123,1,37.61999,-122.38538,0.06,1,100,100,,2,38,0,,,0,,unassigned,,,,,,,,,,,,,TIP,426,,a4460e,,,,,
3,1578123872,7685,3314,,SFO+ASDEX,0xE02,ABC123,1,37.62,-122.38538,0.06,10,100,100,,3,0,0,,,0,,unassigned,,,,,,,,,,,,,TIP,426,,a4460e,,,,,
3,1578123873,7685,3314,,SFO+ASDEX,0xE02,ABC123,1,37.62002,-122.38538,0.06,2,100,100,,4,0,0,,,0,,unassigned,,,,,,,,,,,,,TIP,426,,a4460e,,,,,
3,1578123874,7685,3314,,SFO+ASDEX,0xE02,ABC123,1,37.62004,-122.38537,0.06,10,100,100,,4,22,0,,,0,,unassigned,,,,,,,,,,,,,TIP,426,,a4460e,,,,,
3,1578123875,7685,3314,,SFO+ASDEX,0xE02,ABC123,1,37.62006,-122.38536,0.06,1,100,100,,5,22,0,,,0,,unassigned,,,,,,,,,,,,,TIP,426,,a4460e,,,,,
3,1578123876,7685,3314,,SFO+ASDEX,0xE02,ABC123,1,37.62006,-122.38534,0.06,1,100,100,,4,90,0,,,0,,unassigned,,,,,,,,,,,,,TIP,426,,a4460e,,,,,
3,1578123877,7685,3314,,SFO+ASDEX,0xE02,ABC123,1,37.62008,-122.38533,0.06,3,100,100,,4,22,0,,,0,,unassigned,,,,,,,,,,,,,TIP,426,,a4460e,,,,,
3,1578123878,7685,3314,,SFO+ASDEX,0xE02,ABC123,1,37.62009,-122.38532,0.06,1,100,100,,3,38,0,,,0,,unassigned,,,,,,,,,,,,,TIP,426,,a4460e,,,,,
3,1578123879,7685,3314,,SFO+ASDEX,0xE02,ABC123,1,37.62009,-122.3853,0.06,1,100,100,,3,90,0,,,0,,unassigned,,,,,,,,,,,,,TIP,426,,a4460e,,,,,
3,1578123881,7685,3314,,SFO+ASDEX,0xE02,ABC123,1,37.62009,-122.38529,0.06,1,100,100,,2,90,0,,,0,,unassigned,,,,,,,,,,,,,TIP,426,,a4460e,,,,,
3,1578123882,7685,3314,,SFO+ASDEX,0xE02,ABC123,1,37.6201,-122.38528,0.06,1,100,100,,2,38,0,,,0,,unassigned,,,,,,,,,,,,,TIP,426,,a4460e,,,,,
3,1578123884,7685,3314,,SFO+ASDEX,0xE02,ABC123,1,37.62011,-122.38528,0.06,1,100,100,,2,0,0,,,0,,unassigned,,,,,,,,,,,,,TIP,426,,a4460e,,,,,
3,1578123885,7685,3314,,SFO+ASDEX,0xE02,ABC123,1,37.62012,-122.38528,0.06,1,100,100,,2,0,0,,,0,,unassigned,,,,,,,,,,,,,TIP,426,,a4460e,,,,,
3,1578123887,7685,3314,,SFO+ASDEX,0xE02,ABC123,1,37.62013,-122.38527,0.06,1,100,100,,1,39,0,,,0,,unassigned,,,,,,,,,,,,,TIP,426,,a4460e,,,,,
3,1578123890,7685,3314,,SFO+ASDEX,0xE02,ABC123,1,37.62015,-122.38525,0.06,1,100,100,,2,38,0,,,0,,unassigned,,,,,,,,,,,,,TIP,426,,a4460e,,,,,
3,1578123893,7685,3314,,SFO+ASDEX,0xE02,ABC123,1,37.62016,-122.38524,0.06,1,100,100,,3,38,0,,,0,,unassigned,,,,,,,,,,,,,TIP,426,,a4460e,,,,,
3,1578123894,7685,3314,,SFO+ASDEX,0xE02,ABC123,1,37.62017,-122.38522,0.06,1,100,100,,3,58,0,,,0,,unassigned,,,,,,,,,,,,,TIP,426,,a4460e,,,,,
3,1578123895,7685,3314,,SFO+ASDEX,0xE02,ABC123,1,37.62019,-122.38522,0.06,1,100,100,,3,0,0,,,0,,unassigned,,,,,,,,,,,,,TIP,426,,a4460e,,,,,
3,1578123896,7685,3314,,SFO+ASDEX,0xE02,ABC123,1,37.6202,-122.38521,0.06,10,100,100,,3,38,0,,,0,,unassigned,,,,,,,,,,,,,TIP,426,,a4460e,,,,,
3,1578123897,7685,3314,,SFO+ASDEX,0xE02,ABC123,1,37.62021,-122.3852,0.06,1,100,100,,3,38,0,,,0,,unassigned,,,,,,,,,,,,,TIP,426,,a4460e,,,,,
3,1578123898,7685,3314,,SFO+ASDEX,0xE02,ABC123,1,37.62022,-122.3852,0.06,1,100,100,,3,0,0,,,0,,unassigned,,,,,,,,,,,,,TIP,426,,a4460e,,,,,
3,1578123899,7685,3314,,SFO+ASDEX,0xE02,ABC123,1,37.62023,-122.38519,0.06,1,100,100,,3,38,0,,,0,,unassigned,,,,,,,,,,,,,TIP,426,,a4460e,,,,,
3,1578123900,7685,3314,,SFO+ASDEX,0xE02,ABC123,1,37.62026,-122.38518,0.06,1,100,100,,3,15,0,,,0,,unassigned,,,,,,,,,,,,,TIP,426,,a4460e,,,,,
3,1578123902,7685,3314,,SFO+ASDEX,0xE02,ABC123,1,37.62027,-122.38518,0.06,1,100,100,,3,0,0,,,0,,unassigned,,,,,,,,,,,,,TIP,426,,a4460e,,,,,
3,1578123903,7685,3314,,SFO+ASDEX,0xE02,ABC123,1,37.62028,-122.38517,0.06,1,100,100,,3,38,0,,,0,,unassigned,,,,,,,,,,,,,TIP,426,,a4460e,,,,,
3,1578123904,7685,3314,,SFO+ASDEX,0xE02,ABC123,1,37.62029,-122.38517,0.06,1,100,100,,2,0,0,,,0,,unassigned,,,,,,,,,,,,,TIP,426,,a4460e,,,,,
3,1578123905,7685,3314,,SFO+ASDEX,0xE02,ABC123,1,37.6203,-122.38516,0.06,1,100,100,,2,38,0,,,0,,unassigned,,,,,,,,,,,,,TIP,426,,a4460e,,,,,
3,1578123910,7685,3314,,SFO+ASDEX,0xE02,ABC123,1,37.62031,-122.38515,0.06,1,100,100,,2,38,0,,,0,,unassigned,,,,,,,,,,,,,TIP,426,,a4460e,,,,,
3,1578123912,7685,3314,,SFO+ASDEX,0xE02,ABC123,1,37.62031,-122.38515,0.06,1,100,100,,1,0,0,,,0,,unassigned,,,,,,,,,,,,,TIP,426,,a4460e,,,,,
3,1578123913,7685,3314,,SFO+ASDEX,0xE02,ABC123,1,37.62032,-122.38514,0.06,0,100,100,,0,38,0,,,0,,unassigned,,,,,,,,,,,,,TIP,426,,a4460e,,,,,
3,1578124110,7685,3314,,SFO+ASDEX,0xE02,ABC123,1,37.62029,-122.38517,0.06,0,100,100,,0,218,0,,,0,,unassigned,,,,,,,,,,,,,TIP,426,,a4460e,,,,,
3,1578124111,7685,3314,,SFO+ASDEX,0xE02,ABC123,1,37.62029,-122.38517,0.06,1,100,100,,2,0,0,,,0,,unassigned,,,,,,,,,,,,,TIP,426,,a4460e,,,,,
3,1578124112,7685,3314,,SFO+ASDEX,0xE02,ABC123,1,37.6203,-122.38516,0.06,1,100,100,,2,38,0,,,0,,unassigned,,,,,,,,,,,,,TIP,426,,a4460e,,,,,
3,1578124113,7685,3314,,SFO+ASDEX,0xE02,ABC123,1,37.62035,-122.38512,0.06,1,100,100,,4,32,0,,,0,,unassigned,,,,,,,,,,,,,TIP,426,,a4460e,,,,,
3,1578124114,7685,3314,,SFO+ASDEX,0xE02,ABC123,1,37.62035,-122.3851,0.06,1,100,100,,5,90,0,,,0,,unassigned,,,,,,,,,,,,,TIP,426,,a4460e,,,,,
3,1578124115,7685,3314,,SFO+ASDEX,0xE02,ABC123,1,37.62037,-122.38508,0.06,2,100,100,,6,38,0,,,0,,unassigned,,,,,,,,,,,,,TIP,426,,a4460e,,,,,
3,1578124116,7685,3314,,SFO+ASDEX,0xE02,ABC123,1,37.62039,-122.38508,0.06,2,100,100,,6,0,0,,,0,,unassigned,,,,,,,,,,,,,TIP,426,,a4460e,,,,,
3,1578124117,7685,3314,,SFO+ASDEX,0xE02,ABC123,1,37.62042,-122.38506,0.06,5,100,100,,7,28,0,,,0,,unassigned,,,,,,,,,,,,,TIP,426,,a4460e,,,,,
3,1578124118,7685,3314,,SFO+ASDEX,0xE02,ABC123,1,37.62046,-122.38505,0.06,10,100,100,,7,11,0,,,0,,unassigned,,,,,,,,,,,,,TIP,426,,a4460e,,,,,
3,1578124119,7685,3314,,SFO+ASDEX,0xE02,ABC123,1,37.62049,-122.38504,0.06,5,100,100,,7,15,0,,,0,,unassigned,,,,,,,,,,,,,TIP,426,,a4460e,,,,,
3,1578124120,7685,3314,,SFO+ASDEX,0xE02,ABC123,1,37.62052,-122.38502,0.06,8,100,100,,7,28,0,,,0,,unassigned,,,,,,,,,,,,,TIP,426,,a4460e,,,,,
3,1578124121,7685,3314,,SFO+ASDEX,0xE02,ABC123,1,37.62054,-122.385,0.06,6,100,100,,7,38,0,,,0,,unassigned,,,,,,,,,,,,,TIP,426,,a4460e,,,,,
3,1578124122,7685,3314,,SFO+ASDEX,0xE02,ABC123,1,37.62057,-122.38499,0.06,6,100,100,,7,15,0,,,0,,unassigned,,,,,,,,,,,,,TIP,426,,a4460e,,,,,
3,1578124123,7685,3314,,SFO+ASDEX,0xE02,ABC123,1,37.6206,-122.38497,0.06,1,100,100,,7,28,0,,,0,,unassigned,,,,,,,,,,,,,TIP,426,,a4460e,,,,,
3,1578124124,7685,3314,,SFO+ASDEX,0xE02,ABC123,1,37.62063,-122.38497,0.06,8,100,100,,8,0,0,,,0,,unassigned,,,,,,,,,,,,,TIP,426,,a4460e,,,,,
3,1578124125,7685,3314,,SFO+ASDEX,0xE02,ABC123,1,37.62068,-122.38496,0.06,8,100,100,,9,9,0,,,0,,unassigned,,,,,,,,,,,,,TIP,426,,a4460e,,,,,
3,1578124126,7685,3314,,SFO+ASDEX,0xE02,ABC123,1,37.62072,-122.38496,0.06,10,100,100,,10,0,0,,,0,,unassigned,,,,,,,,,,,,,TIP,426,,a4460e,,,,,
3,1578124127,7685,3314,,SFO+ASDEX,0xE02,ABC123,1,37.62077,-122.38496,0.06,1,100,100,,11,0,0,,,0,,unassigned,,,,,,,,,,,,,TIP,426,,a4460e,,,,,
3,1578124128,7685,3314,,SFO+ASDEX,0xE02,ABC123,1,37.62082,-122.38502,0.06,1,100,100,,10,316,0,,,0,,unassigned,,,,,,,,,,,,,TIP,426,,a4460e,,,,,
3,1578124129,7685,3314,,SFO+ASDEX,0xE02,ABC123,1,37.62086,-122.38503,0.06,1,100,100,,9,349,0,,,0,,unassigned,,,,,,,,,,,,,TIP,426,,a4460e,,,,,
3,1578124130,7685,3314,,SFO+ASDEX,0xE02,ABC123,1,37.62088,-122.38505,0.06,7,100,100,,8,322,0,,,0,,unassigned,,,,,,,,,,,,,TIP,426,,a4460e,,,,,
3,1578124131,7685,3314,,SFO+ASDEX,0xE02,ABC123,1,37.6209,-122.38508,0.06,4,100,100,,8,310,0,,,0,,unassigned,,,,,,,,,,,,,TIP,426,,a4460e,,,,,
3,1578124132,7685,3314,,SFO+ASDEX,0xE02,ABC123,1,37.62093,-122.3851,0.06,4,100,100,,8,332,0,,,0,,unassigned,,,,,,,,,,,,,TIP,426,,a4460e,,,,,
3,1578124133,7685,3314,,SFO+ASDEX,0xE02,ABC123,1,37.62096,-122.38514,0.06,9,100,100,,8,313,0,,,0,,unassigned,,,,,,,,,,,,,TIP,426,,a4460e,,,,,
3,1578124134,7685,3314,,SFO+ASDEX,0xE02,ABC123,1,37.621,-122.38518,0.06,2,100,100,,9,322,0,,,0,,unassigned,,,,,,,,,,,,,TIP,426,,a4460e,,,,,
3,1578124135,7685,3314,,SFO+ASDEX,0xE02,ABC123,1,37.62101,-122.38521,0.06,9,100,100,,10,293,0,,,0,,unassigned,,,,,,,,,,,,,TIP,426,,a4460e,,,,,
3,1578124136,7685,3314,,SFO+ASDEX,0xE02,ABC123,1,37.62102,-122.38526,0.06,2,100,100,,9,284,0,,,0,,unassigned,,,,,,,,,,,,,TIP,426,,a4460e,,,,,
3,1578124137,7685,3314,,SFO+ASDEX,0xE02,ABC123,1,37.62106,-122.3853,0.06,2,100,100,,9,322,0,,,0,,unassigned,,,,,,,,,,,,,TIP,426,,a4460e,,,,,
3,1578124138,7685,3314,,SFO+ASDEX,0xE02,ABC123,1,37.62106,-122.38534,0.06,7,100,100,,10,270,0,,,0,,unassigned,,,,,,,,,,,,,TIP,426,,a4460e,,,,,
3,1578124139,7685,3314,,SFO+ASDEX,0xE02,ABC123,1,37.62107,-122.3854,0.06,2,100,100,,10,282,0,,,0,,unassigned,,,,,,,,,,,,,TIP,426,,a4460e,,,,,
3,1578124140,7685,3314,,SFO+ASDEX,0xE02,ABC123,1,37.6211,-122.38545,0.06,2,100,100,,9,307,0,,,0,,unassigned,,,,,,,,,,,,,TIP,426,,a4460e,,,,,
3,1578124141,7685,3314,,SFO+ASDEX,0xE02,ABC123,1,37.62111,-122.38549,0.06,10,100,100,,9,288,0,,,0,,unassigned,,,,,,,,,,,,,TIP,426,,a4460e,,,,,
3,1578124142,7685,3314,,SFO+ASDEX,0xE02,ABC123,1,37.62112,-122.38554,0.06,2,100,100,,9,284,0,,,0,,unassigned,,,,,,,,,,,,,TIP,426,,a4460e,,,,,
3,1578124143,7685,3314,,SFO+ASDEX,0xE02,ABC123,1,37.62114,-122.38558,0.06,10,100,100,,9,302,0,,,0,,unassigned,,,,,,,,,,,,,TIP,426,,a4460e,,,,,
3,1578124144,7685,3314,,SFO+ASDEX,0xE02,ABC123,1,37.62116,-122.38562,0.06,7,100,100,,9,302,0,,,0,,unassigned,,,,,,,,,,,,,TIP,426,,a4460e,,,,,
3,1578124145,7685,3314,,SFO+ASDEX,0xE02,ABC123,1,37.62119,-122.38566,0.06,10,100,100,,9,313,0,,,0,,unassigned,,,,,,,,,,,,,TIP,426,,a4460e,,,,,
3,1578124146,7685,3314,,SFO+ASDEX,0xE02,ABC123,1,37.62122,-122.3857,0.06,10,100,100,,9,313,0,,,0,,unassigned,,,,,,,,,,,,,TIP,426,,a4460e,,,,,
3,1578124147,7685,3314,,SFO+ASDEX,0xE02,ABC123,1,37.62125,-122.38574,0.13,1,100,100,,10,313,420,,,0,,unassigned,,,,,,,,,,,,,TIP,426,,a4460e,,,,,
3,1578124148,7685,3314,,SFO+ASDEX,0xE02,ABC123,1,37.62125,-122.38579,0.06,1,100,100,,9,271,-420,,,0,,unassigned,,,,,,,,,,,,,TIP,426,,a4460e,,,,,
3,1578124149,7685,3314,,SFO+ASDEX,0xE02,ABC123,1,37.62128,-122.38584,0.06,4,100,100,,9,307,0,,,0,,unassigned,,,,,,,,,,,,,TIP,426,,a4460e,,,,,
3,1578124150,7685,3314,,SFO+ASDEX,0xE02,ABC123,1,37.62129,-122.38588,0.06,8,100,100,,10,288,0,,,0,,unassigned,,,,,,,,,,,,,TIP,426,,a4460e,,,,,
3,1578124151,7685,3314,,SFO+ASDEX,0xE02,ABC123,1,37.62131,-122.38593,0.06,4,100,100,,10,297,0,,,0,,unassigned,,,,,,,,,,,,,TIP,426,,a4460e,,,,,
3,1578124152,7685,3314,,SFO+ASDEX,0xE02,ABC123,1,37.62134,-122.38598,0.06,4,100,100,,9,307,0,,,0,,unassigned,,,,,,,,,,,,,TIP,426,,a4460e,,,,,
3,1578124153,7685,3314,,SFO+ASDEX,0xE02,ABC123,1,37.62137,-122.38601,0.06,2,100,100,,9,322,0,,,0,,unassigned,,,,,,,,,,,,,TIP,426,,a4460e,,,,,
3,1578124154,7685,3314,,SFO+ASDEX,0xE02,ABC123,1,37.62138,-122.38606,0.06,10,100,100,,9,284,0,,,0,,unassigned,,,,,,,,,,,,,TIP,426,,a4460e,,,,,
3,1578124155,7685,3314,,SFO+ASDEX,0xE02,ABC123,1,37.62139,-122.3861,0.06,10,100,100,,9,288,0,,,0,,unassigned,,,,,,,,,,,,,TIP,426,,a4460e,,,,,
3,1578124156,7685,3314,,SFO+ASDEX,0xE02,ABC123,1,37.6214,-122.38615,0.06,2,100,100,,9,284,0,,,0,,unassigned,,,,,,,,,,,,,TIP,426,,a4460e,,,,,
3,1578124157,7685,3314,,SFO+ASDEX,0xE02,ABC123,1,37.62142,-122.38619,0.06,10,100,100,,9,302,0,,,0,,unassigned,,,,,,,,,,,,,TIP,426,,a4460e,,,,,
3,1578124158,7685,3314,,SFO+ASDEX,0xE02,ABC123,1,37.62145,-122.38624,0.06,10,100,100,,9,307,0,,,0,,unassigned,,,,,,,,,,,,,TIP,426,,a4460e,,,,,
3,1578124159,7685,3314,,SFO+ASDEX,0xE02,ABC123,1,37.62147,-122.38628,0.06,1,100,100,,8,302,0,,,0,,unassigned,,,,,,,,,,,,,TIP,426,,a4460e,,,,,
3,1578124160,7685,3314,,SFO+ASDEX,0xE02,ABC123,1,37.6215,-122.3863,0.06,10,100,100,,9,332,0,,,0,,unassigned,,,,,,,,,,,,,TIP,426,,a4460e,,,,,
3,1578124161,7685,3314,,SFO+ASDEX,0xE02,ABC123,1,37.62153,-122.38632,0.06,9,100,100,,9,332,0,,,0,,unassigned,,,,,,,,,,,,,TIP,426,,a4460e,,,,,
3,1578124162,7685,3314,,SFO+ASDEX,0xE02,ABC123,1,37.62157,-122.38634,0.06,1,100,100,,9,338,0,,,0,,unassigned,,,,,,,,,,,,,TIP,426,,a4460e,,,,,
3,1578124163,7685,3314,,SFO+ASDEX,0xE02,ABC123,1,37.62163,-122.38632,0.06,1,100,100,,9,15,0,,,0,,unassigned,,,,,,,,,,,,,TIP,426,,a4460e,,,,,
3,1578124164,7685,3314,,SFO+ASDEX,0xE02,ABC123,1,37.62166,-122.38635,0.06,1,100,100,,9,322,0,,,0,,unassigned,,,,,,,,,,,,,TIP,426,,a4460e,,,,,
3,1578124165,7685,3314,,SFO+ASDEX,0xE02,ABC123,1,37.6217,-122.38636,0.06,7,100,100,,10,349,0,,,0,,unassigned,,,,,,,,,,,,,TIP,426,,a4460e,,,,,
3,1578124166,7685,3314,,SFO+ASDEX,0xE02,ABC123,1,37.62173,-122.38636,0.13,9,100,100,,8,0,420,,,0,,unassigned,,,,,,,,,,,,,TIP,426,,a4460e,,,,,
3,1578124167,7685,3314,,SFO+ASDEX,0xE02,ABC123,1,37.62178,-122.38636,0.13,1,100,100,,8,0,0,,,0,,unassigned,,,,,,,,,,,,,TIP,426,,a4460e,,,,,
3,1578124168,7685,3314,,SFO+ASDEX,0xE02,ABC123,1,37.62181,-122.38634,0.06,1,100,100,,8,28,-420,,,0,,unassigned,,,,,,,,,,,,,TIP,426,,a4460e,,,,,
3,1578124169,7685,3314,,SFO+ASDEX,0xE02,ABC123,1,37.62183,-122.38633,0.06,10,100,100,,9,22,0,,,0,,unassigned,,,,,,,,,,,,,TIP,426,,a4460e,,,,,
3,1578124170,7685,3314,,SFO+ASDEX,0xE02,ABC123,1,37.62188,-122.3863,0.06,10,100,100,,8,25,0,,,0,,unassigned,,,,,,,,,,,,,TIP,426,,a4460e,,,,,
3,1578124171,7685,3314,,SFO+ASDEX,0xE02,ABC123,1,37.62192,-122.38628,0.06,1,100,100,,8,22,0,,,0,,unassigned,,,,,,,,,,,,,TIP,426,,a4460e,,,,,
3,1578124172,7685,3314,,SFO+ASDEX,0xE02,ABC123,1,37.62193,-122.38624,0.06,3,100,100,,8,73,0,,,0,,unassigned,,,,,,,,,,,,,TIP,426,,a4460e,,,,,
3,1578124173,7685,3314,,SFO+ASDEX,0xE02,ABC123,1,37.62195,-122.3862,0.06,10,100,100,,8,58,0,,,0,,unassigned,,,,,,,,,,,,,TIP,426,,a4460e,,,,,
3,1578124174,7685,3314,,SFO+ASDEX,0xE02,ABC123,1,37.62196,-122.38618,0.06,10,100,100,,8,58,0,,,0,,unassigned,,,,,,,,,,,,,TIP,426,,a4460e,,,,,
3,1578124175,7685,3314,,SFO+ASDEX,0xE02,ABC123,1,37.62198,-122.38614,0.06,9,100,100,,8,58,0,,,0,,unassigned,,,,,,,,,,,,,TIP,426,,a4460e,,,,,
3,1578124176,7685,3314,,SFO+ASDEX,0xE02,ABC123,1,37.622,-122.38611,0.06,9,100,100,,8,50,0,,,0,,unassigned,,,,,,,,,,,,,TIP,426,,a4460e,,,,,
3,1578124177,7685,3314,,SFO+ASDEX,0xE02,ABC123,1,37.62202,-122.38607,0.06,1,100,100,,8,58,0,,,0,,unassigned,,,,,,,,,,,,,TIP,426,,a4460e,,,,,
3,1578124178,7685,3314,,SFO+ASDEX,0xE02,ABC123,1,37.62202,-122.38602,0.06,3,100,100,,8,89,0,,,0,,unassigned,,,,,,,,,,,,,TIP,426,,a4460e,,,,,
3,1578124179,7685,3314,,SFO+ASDEX,0xE02,ABC123,1,37.62203,-122.38598,0.06,3,100,100,,8,72,0,,,0,,unassigned,,,,,,,,,,,,,TIP,426,,a4460e,,,,,
3,1578124180,7685,3314,,SFO+ASDEX,0xE02,ABC123,1,37.62203,-122.38594,0.06,10,100,100,,7,90,0,,,0,,unassigned,,,,,,,,,,,,,TIP,426,,a4460e,,,,,
3,1578124181,7685,3314,,SFO+ASDEX,0xE02,ABC123,1,37.62203,-122.3859,0.06,10,100,100,,7,90,0,,,0,,unassigned,,,,,,,,,,,,,TIP,426,,a4460e,,,,,
3,1578124182,7685,3314,,SFO+ASDEX,0xE02,ABC123,1,37.62203,-122.38586,0.06,10,100,100,,7,90,0,,,0,,unassigned,,,,,,,,,,,,,TIP,426,,a4460e,,,,,
3,1578124183,7685,3314,,SFO+ASDEX,0xE02,ABC123,1,37.62203,-122.38582,0.06,10,100,100,,7,90,0,,,0,,unassigned,,,,,,,,,,,,,TIP,426,,a4460e,,,,,
3,1578124184,7685,3314,,SFO+ASDEX,0xE02,ABC123,1,37.62203,-122.38578,0.06,1,100,100,,7,90,0,,,0,,unassigned,,,,,,,,,,,,,TIP,426,,a4460e,,,,,
3,1578124185,7685,3314,,SFO+ASDEX,0xE02,ABC123,1,37.62196,-122.38574,0.06,1,100,100,,7,156,0,,,0,,unassigned,,,,,,,,,,,,,TIP,426,,a4460e,,,,,
3,1578124186,7685,3314,,SFO+ASDEX,0xE02,ABC123,1,37.62197,-122.3857,0.06,4,100,100,,8,72,0,,,0,,unassigned,,,,,,,,,,,,,TIP,426,,a4460e,,,,,
3,1578124187,7685,3314,,SFO+ASDEX,0xE02,ABC123,1,37.62197,-122.38567,0.06,1,100,100,,9,89,0,,,0,,unassigned,,,,,,,,,,,,,TIP,426,,a4460e,,,,,
3,1578124188,7685,3314,,SFO+ASDEX,0xE02,ABC123,1,37.62195,-122.38562,0.06,6,100,100,,9,117,0,,,0,,unassigned,,,,,,,,,,,,,TIP,426,,a4460e,,,,,
3,1578124189,7685,3314,,SFO+ASDEX,0xE02,ABC123,1,37.62194,-122.38557,0.06,1,100,100,,9,104,0,,,0,,unassigned,,,,,,,,,,,,,TIP,426,,a4460e,,,,,
3,1578124190,7685,3314,,SFO+ASDEX,0xE02,ABC123,1,37.6219,-122.38554,0.06,1,100,100,,9,149,0,,,0,,unassigned,,,,,,,,,,,,,TIP,426,,a4460e,,,,,
3,1578124191,7685,3314,,SFO+ASDEX,0xE02,ABC123,1,37.62188,-122.3855,0.06,4,100,100,,9,122,0,,,0,,unassigned,,,,,,,,,,,,,TIP,426,,a4460e,,,,,
3,1578124192,7685,3314,,SFO+ASDEX,0xE02,ABC123,1,37.62187,-122.38546,0.06,3,100,100,,10,108,0,,,0,,unassigned,,,,,,,,,,,,,TIP,426,,a4460e,,,,,
3,1578124193,7685,3314,,SFO+ASDEX,0xE02,ABC123,1,37.62184,-122.38542,0.06,3,100,100,,9,133,0,,,0,,unassigned,,,,,,,,,,,,,TIP,426,,a4460e,,,,,
3,1578124194,7685,3314,,SFO+ASDEX,0xE02,ABC123,1,37.62182,-122.38536,0.06,9,100,100,,9,113,0,,,0,,unassigned,,,,,,,,,,,,,TIP,426,,a4460e,,,,,
3,1578124195,7685,3314,,SFO+ASDEX,0xE02,ABC123,1,37.6218,-122.38532,0.06,10,100,100,,9,122,0,,,0,,unassigned,,,,,,,,,,,,,TIP,426,,a4460e,,,,,
3,1578124196,7685,3314,,SFO+ASDEX,0xE02,ABC123,1,37.62178,-122.38528,0.06,10,100,100,,10,122,0,,,0,,unassigned,,,,,,,,,,,,,TIP,426,,a4460e,,,,,
3,1578124197,7685,3314,,SFO+ASDEX,0xE02,ABC123,1,37.62176,-122.38523,0.06,8,100,100,,9,117,0,,,0,,unassigned,,,,,,,,,,,,,TIP,426,,a4460e,,,,,
3,1578124198,7685,3314,,SFO+ASDEX,0xE02,ABC123,1,37.62173,-122.38518,0.06,6,100,100,,10,127,0,,,0,,unassigned,,,,,,,,,,,,,TIP,426,,a4460e,,,,,
3,1578124199,7685,3314,,SFO+ASDEX,0xE02,ABC123,1,37.62172,-122.38513,0.06,10,100,100,,10,104,0,,,0,,unassigned,,,,,,,,,,,,,TIP,426,,a4460e,,,,,
3,1578124200,7685,3314,,SFO+ASDEX,0xE02,ABC123,1,37.62171,-122.38507,0.06,6,100,100,,10,102,0,,,0,,unassigned,,,,,,,,,,,,,TIP,426,,a4460e,,,,,
3,1578124201,7685,3314,,SFO+ASDEX,0xE02,ABC123,1,37.62169,-122.38503,0.06,10,100,100,,10,122,0,,,0,,unassigned,,,,,,,,,,,,,TIP,426,,a4460e,,,,,
3,1578124202,7685,3314,,SFO+ASDEX,0xE02,ABC123,1,37.62166,-122.38496,0.06,9,100,100,,11,118,0,,,0,,unassigned,,,,,,,,,,,,,TIP,426,,a4460e,,,,,
3,1578124203,7685,3314,,SFO+ASDEX,0xE02,ABC123,1,37.62164,-122.3849,0.06,10,100,100,,12,113,0,,,0,,unassigned,,,,,,,,,,,,,TIP,426,,a4460e,,,,,
3,1578124204,7685,3314,,SFO+ASDEX,0xE02,ABC123,1,37.62162,-122.38484,0.06,10,100,100,,12,113,0,,,0,,unassigned,,,,,,,,,,,,,TIP,426,,a4460e,,,,,
3,1578124205,7685,3314,,SFO+ASDEX,0xE02,ABC123,1,37.6216,-122.38478,0.06,2,100,100,,12,113,0,,,0,,unassigned,,,,,,,,,,,,,TIP,426,,a4460e,,,,,
3,1578124206,7685,3314,,SFO+ASDEX,0xE02,ABC123,1,37.62156,-122.38473,0.06,3,100,100,,12,135,0,,,0,,unassigned,,,,,,,,,,,,,TIP,426,,a4460e,,,,,
3,1578124207,7685,3314,,SFO+ASDEX,0xE02,ABC123,1,37.62153,-122.38467,0.06,8,100,100,,12,122,0,,,0,,unassigned,,,,,,,,,,,,,TIP,426,,a4460e,,,,,
3,1578124208,7685,3314,,SFO+ASDEX,0xE02,ABC123,1,37.62151,-122.38461,0.06,10,100,100,,12,113,0,,,0,,unassigned,,,,,,,,,,,,,TIP,426,,a4460e,,,,,
3,1578124209,7685,3314,,SFO+ASDEX,0xE02,ABC123,1,37.62149,-122.38454,0.06,8,100,100,,12,110,0,,,0,,unassigned,,,,,,,,,,,,,TIP,426,,a4460e,,,,,
3,1578124210,7685,3314,,SFO+ASDEX,0xE02,ABC123,1,37.62146,-122.38449,0.06,10,100,100,,12,127,0,,,0,,unassigned,,,,,,,,,,,,,TIP,426,,a4460e,,,,,
3,1578124211,7685,3314,,SFO+ASDEX,0xE02,ABC123,1,37.62142,-122.38443,0.06,9,100,100,,13,130,0,,,0,,unassigned,,,,,,,,,,,,,TIP,426,,a4460e,,,,,
3,1578124212,7685,3314,,SFO+ASDEX,0xE02,ABC123,1,37.62139,-122.38437,0.06,10,100,100,,13,122,0,,,0,,unassigned,,,,,,,,,,,,,TIP,426,,a4460e,,,,,
3,1578124213,7685,3314,,SFO+ASDEX,0xE02,ABC123,1,37.62136,-122.3843,0.06,10,100,100,,13,118,0,,,0,,unassigned,,,,,,,,,,,,,TIP,426,,a4460e,,,,,
3,1578124214,7685,3314,,SFO+ASDEX,0xE02,ABC123,1,37.62133,-122.38424,0.06,10,100,100,,13,122,0,,,0,,unassigned,,,,,,,,,,,,,TIP,426,,a4460e,,,,,
3,1578124215,7685,3314,,SFO+ASDEX,0xE02,ABC123,1,37.6213,-122.38418,0.06,10,100,100,,13,122,0,,,0,,unassigned,,,,,,,,,,,,,TIP,426,,a4460e,,,,,
3,1578124216,7685,3314,,SFO+ASDEX,0xE02,ABC123,1,37.62127,-122.38411,0.06,10,100,100,,13,118,0,,,0,,unassigned,,,,,,,,,,,,,TIP,426,,a4460e,,,,,
3,1578124217,7685,3314,,SFO+ASDEX,0xE02,ABC123,1,37.62124,-122.38405,0.06,10,100,100,,13,122,0,,,0,,unassigned,,,,,,,,,,,,,TIP,426,,a4460e,,,,,
3,1578124218,7685,3314,,SFO+ASDEX,0xE02,ABC123,1,37.62121,-122.38398,0.06,8,100,100,,14,118,0,,,0,,unassigned,,,,,,,,,,,,,TIP,426,,a4460e,,,,,
3,1578124219,7685,3314,,SFO+ASDEX,0xE02,ABC123,1,37.62119,-122.38391,0.06,10,100,100,,14,110,0,,,0,,unassigned,,,,,,,,,,,,,TIP,426,,a4460e,,,,,
3,1578124220,7685,3314,,SFO+ASDEX,0xE02,ABC123,1,37.62116,-122.38383,0.06,10,100,100,,14,115,0,,,0,,unassigned,,,,,,,,,,,,,TIP,426,,a4460e,,,,,
3,1578124221,7685,3314,,SFO+ASDEX,0xE02,ABC123,1,37.62113,-122.38376,0.06,9,100,100,,15,118,0,,,0,,unassigned,,,,,,,,,,,,,TIP,426,,a4460e,,,,,
3,1578124222,7685,3314,,SFO+ASDEX,0xE02,ABC123,1,37.62111,-122.38368,0.06,5,100,100,,15,108,0,,,0,,unassigned,,,,,,,,,,,,,TIP,426,,a4460e,,,,,
3,1578124223,7685,3314,,SFO+ASDEX,0xE02,ABC123,1,37.62107,-122.38361,0.06,8,100,100,,15,126,0,,,0,,unassigned,,,,,,,,,,,,,TIP,426,,a4460e,,,,,
3,1578124224,7685,3314,,SFO+ASDEX,0xE02,ABC123,1,37.62104,-122.38353,0.06,10,100,100,,15,115,0,,,0,,unassigned,,,,,,,,,,,,,TIP,426,,a4460e,,,,,
3,1578124225,7685,3314,,SFO+ASDEX,0xE02,ABC123,1,37.62102,-122.38345,0.06,10,100,100,,16,108,0,,,0,,unassigned,,,,,,,,,,,,,TIP,426,,a4460e,,,,,
3,1578124226,7685,3314,,SFO+ASDEX,0xE02,ABC123,1,37.62099,-122.38336,0.06,8,100,100,,16,113,0,,,0,,unassigned,,,,,,,,,,,,,TIP,426,,a4460e,,,,,
3,1578124227,7685,3314,,SFO+ASDEX,0xE02,ABC123,1,37.62095,-122.38328,0.06,10,100,100,,16,122,0,,,0,,unassigned,,,,,,,,,,,,,TIP,426,,a4460e,,,,,
3,1578124228,7685,3314,,SFO+ASDEX,0xE02,ABC123,1,37.62091,-122.3832,0.06,8,100,100,,16,122,0,,,0,,unassigned,,,,,,,,,,,,,TIP,426,,a4460e,,,,,
3,1578124229,7685,3314,,SFO+ASDEX,0xE02,ABC123,1,37.62089,-122.38312,0.06,8,100,100,,16,108,0,,,0,,unassigned,,,,,,,,,,,,,TIP,426,,a4460e,,,,,
3,1578124230,7685,3314,,SFO+ASDEX,0xE02,ABC123,1,37.62085,-122.38305,0.06,9,100,100,,16,126,0,,,0,,unassigned,,,,,,,,,,,,,TIP,426,,a4460e,,,,,
3,1578124231,7685,3314,,SFO+ASDEX,0xE02,ABC123,1,37.62082,-122.38297,0.06,9,100,100,,16,115,0,,,0,,unassigned,,,,,,,,,,,,,TIP,426,,a4460e,,,,,
3,1578124232,7685,3314,,SFO+ASDEX,0xE02,ABC123,1,37.62078,-122.38289,0.06,9,100,100,,16,122,0,,,0,,unassigned,,,,,,,,,,,,,TIP,426,,a4460e,,,,,
3,1578124233,7685,3314,,SFO+ASDEX,0xE02,ABC123,1,37.62075,-122.38281,0.06,9,100,100,,16,115,0,,,0,,unassigned,,,,,,,,,,,,,TIP,426,,a4460e,,,,,
3,1578124234,7685,3314,,SFO+ASDEX,0xE02,ABC123,1,37.62071,-122.38273,0.06,9,100,100,,16,122,0,,,0,,unassigned,,,,,,,,,,,,,TIP,426,,a4460e,,,,,
3,1578124235,7685,3314,,SFO+ASDEX,0xE02,ABC123,1,37.62066,-122.38265,0.06,9,100,100,,16,128,0,,,0,,unassigned,,,,,,,,,,,,,TIP,426,,a4460e,,,,,
3,1578124236,7685,3314,,SFO+ASDEX,0xE02,ABC123,1,37.62064,-122.38257,0.06,9,100,100,,17,108,0,,,0,,unassigned,,,,,,,,,,,,,TIP,426,,a4460e,,,,,
2,1578123917,7686,3326,,SFO,,DEF456,1,B77W,SFO,?,D,SFO,?,a2b8b8,,,,,,,,,,,,,,,,,,,,,,,,,,,,,
4,1578123917,7686,3326,,MODE_S,0xE02,DEF456,1,B77W,?,?,N,,,,,?,,U,J,U,B/,,,,,,,,,,,,1884,a2b8b8,,,,,,,,,
4,1578123934,7686,3326,,SFO,0xE02,DEF456,1,B77W,?,?,N,,,,,?,,U,J,U,B/,,,,,,,,,,,,1884,a2b8b8,,,,,,,,,
4,1578123999,7686,3326,,MODE_S,0xE02,DEF456,1,B77W,?,?,N,,,,,?,,U,J,U,B/,,,,,,,,,,,,1112,a2b8b8,,,,,,,,,
4,1578124011,7686,3326,,SFO,0xE02,DEF456,1,B77W,?,?,N,,,,,?,,U,J,U,B/,,,,,,,,,,,,1112,a2b8b8,,,,,,,,,
4,1578124019,7686,3326,,MODE_S,0xE02,DEF456,1,B77W,?,?,N,,,,,?,,U,J,U,B/,,,,,,,,,,,,1108,a2b8b8,,,,,,,,,
4,1578124025,7686,3326,,SFO,0xE02,DEF456,1,B77W,?,?,N,,,,,?,,U,J,U,B/,,,,,,,,,,,,1108,a2b8b8,,,,,,,,,
4,1578124045,7686,3326,,SFO,0xE02,DEF456,1,B77W,?,?,N,,,,,?,,U,J,U,B/,,,,,,,,,,,,590,a2b8b8,,,,,,,,,
4,1578124355,7686,3326,,MODE_S,0xE02,DEF456,1,B77W,?,?,N,,,,,?,,U,J,U,B/,,,,,,,,,,,,3548,a2b8b8,,,,,,,,,
4,1578124445,7686,3326,,ADSB,0xE02,DEF456,1,B77W,?,?,N,,,,,?,,U,J,U,B/,,,,,,,,,,,,3548,a2b8b8,,,,,,,,,
4,1578125027,7686,3326,,SMRMODE_S,0xE02,DEF456,1,B77W,?,?,N,,,,,?,,U,J,U,B/,,,,,,,,,,,,3548,a2b8b8,,,,,,,,,
4,1578125165,7686,3326,,SMRMODE_SADSB,0xE02,DEF456,1,B77W,?,?,N,,,,,?,,U,J,U,B/,,,,,,,,,,,,3548,a2b8b8,,,,,,,,,
4,1578125183,7686,3326,,MODE_SADSBASR9,0xE02,DEF456,1,B77W,?,?,N,,,,,?,,U,J,U,B/,,,,,,,,,,,,3548,a2b8b8,,,,,,,,,
4,1578125255,7686,3326,,MODE_SADSB,0xE02,DEF456,1,B77W,?,?,N,,,,,?,,U,J,U,B/,,,,,,,,,,,,3548,a2b8b8,,,,,,,,,
4,1578125309,7686,3326,,SFO,0xE02,DEF456,1,B77W,?,?,N,,,,,?,,U,J,U,B/,,,,,,,,,,,,3548,a2b8b8,,,,,,,,,
3,1578123917,7686,3326,,SFO+ASDEX,0xE02,DEF456,1,37.61862,-122.39516,0.13,9,100,100,,0,345,0,,,0,,unassigned,,,,,,,,,,,,,CIN,3548,,a2b8b8,,,,,
3,1578124363,7686,3326,,SFO+ASDEX,0xE02,DEF456,1,37.61868,-122.39518,0.13,1,100,100,,0,345,0,,,0,,unassigned,,,,,,,,,,,,,CIN,3548,,a2b8b8,,,,,
3,1578124366,7686,3326,,SFO+ASDEX,0xE02,DEF456,1,37.61871,-122.39521,0.13,1,100,100,,6,322,0,,,0,,unassigned,,,,,,,,,,,,,CIN,3548,,a2b8b8,,,,,
3,1578124367,7686,3326,,SFO+ASDEX,0xE02,DEF456,1,37.61872,-122.39525,0.13,1,100,100,,7,287,0,,,0,,unassigned,,,,,,,,,,,,,CIN,3548,,a2b8b8,,,,,
3,1578124368,7686,3326,,SFO+ASDEX,0xE02,DEF456,1,37.61875,-122.39527,0.13,6,100,100,,7,332,0,,,0,,unassigned,,,,,,,,,,,,,CIN,3548,,a2b8b8,,,,,
3,1578124369,7686,3326,,SFO+ASDEX,0xE02,DEF456,1,37.61878,-122.39528,0.13,6,100,100,,8,345,0,,,0,,unassigned,,,,,,,,,,,,,CIN,3548,,a2b8b8,,,,,
3,1578124370,7686,3326,,SFO+ASDEX,0xE02,DEF456,1,37.61881,-122.3953,0.13,10,100,100,,7,332,0,,,0,,unassigned,,,,,,,,,,,,,CIN,3548,,a2b8b8,,,,,
3,1578124371,7686,3326,,SFO+ASDEX,0xE02,DEF456,1,37.61884,-122.39532,0.13,6,100,100,,7,332,0,,,0,,unassigned,,,,,,,,,,,,,CIN,3548,,a2b8b8,,,,,
3,1578124372,7686,3326,,SFO+ASDEX,0xE02,DEF456,1,37.61887,-122.39533,0.13,1,100,100,,8,345,0,,,0,,unassigned,,,,,,,,,,,,,CIN,3548,,a2b8b8,,,,,
3,1578124373,7686,3326,,SFO+ASDEX,0xE02,DEF456,1,37.61902,-122.3953,0.13,1,100,100,,9,9,0,,,0,,unassigned,,,,,,,,,,,,,CIN,3548,,a2b8b8,,,,,
3,1578124374,7686,3326,,SFO+ASDEX,0xE02,DEF456,1,37.61906,-122.39532,0.13,2,100,100,,10,338,0,,,0,,unassigned,,,,,,,,,,,,,CIN,3548,,a2b8b8,,,,,
3,1578124375,7686,3326,,SFO+ASDEX,0xE02,DEF456,1,37.61911,-122.39531,0.13,2,100,100,,10,9,0,,,0,,unassigned,,,,,,,,,,,,,CIN,3548,,a2b8b8,,,,,
3,1578124376,7686,3326,,SFO+ASDEX,0xE02,DEF456,1,37.61915,-122.39532,0.13,2,100,100,,9,349,0,,,0,,unassigned,,,,,,,,,,,,,CIN,3548,,a2b8b8,,,,,
3,1578124377,7686,3326,,SFO+ASDEX,0xE02,DEF456,1,37.61916,-122.39532,0.13,1,100,100,,9,0,0,,,0,,unassigned,,,,,,,,,,,,,CIN,3548,,a2b8b8,,,,,
3,1578124378,7686,3326,,SFO+ASDEX,0xE02,DEF456,1,37.61919,-122.3953,0.13,1,100,100,,8,28,0,,,0,,unassigned,,,,,,,,,,,,,CIN,3548,,a2b8b8,,,,,
3,1578124379,7686,3326,,SFO+ASDEX,0xE02,DEF456,1,37.61923,-122.3953,0.13,10,100,100,,8,0,0,,,0,,unassigned,,,,,,,,,,,,,CIN,3548,,a2b8b8,,,,,
3,1578124380,7686,3326,,SFO+ASDEX,0xE02,DEF456,1,37.61926,-122.3953,0.13,1,100,100,,10,0,0,,,0,,unassigned,,,,,,,,,,,,,CIN,3548,,a2b8b8,,,,,
3,1578124381,7686,3326,,SFO+ASDEX,0xE02,DEF456,1,37.61931,-122.39527,0.13,9,100,100,,12,25,0,,,0,,unassigned,,,,,,,,,,,,,CIN,3548,,a2b8b8,,,,,
3,1578124382,7686,3326,,SFO+ASDEX,0xE02,DEF456,1,37.61936,-122.39523,0.13,9,100,100,,14,32,0,,,0,,unassigned,,,,,,,,,,,,,CIN,3548,,a2b8b8,,,,,
3,1578124383,7686,3326,,SFO+ASDEX,0xE02,DEF456,1,37.61942,-122.39517,0.13,9,100,100,,14,38,0,,,0,,unassigned,,,,,,,,,,,,,CIN,3548,,a2b8b8,,,,,
3,1578124384,7686,3326,,SFO+ASDEX,0xE02,DEF456,1,37.61949,-122.39512,0.13,4,100,100,,16,29,0,,,0,,unassigned,,,,,,,,,,,,,CIN,3548,,a2b8b8,,,,,
3,1578124385,7686,3326,,SFO+ASDEX,0xE02,DEF456,1,37.61954,-122.3951,0.13,3,100,100,,15,18,0,,,0,,unassigned,,,,,,,,,,,,,CIN,3548,,a2b8b8,,,,,
3,1578124386,7686,3326,,SFO+ASDEX,0xE02,DEF456,1,37.61959,-122.39503,0.13,3,100,100,,14,48,0,,,0,,unassigned,,,,,,,,,,,,,CIN,3548,,a2b8b8,,,,,
3,1578124387,7686,3326,,SFO+ASDEX,0xE02,DEF456,1,37.61963,-122.395,0.13,1,100,100,,12,31,0,,,0,,unassigned,,,,,,,,,,,,,CIN,3548,,a2b8b8,,,,,
3,1578124388,7686,3326,,SFO+ASDEX,0xE02,DEF456,1,37.61966,-122.39493,0.13,1,100,100,,10,62,0,,,0,,unassigned,,,,,,,,,,,,,CIN,3548,,a2b8b8,,,,,
3,1578124389,7686,3326,,SFO+ASDEX,0xE02,DEF456,1,37.61966,-122.39492,0.13,1,100,100,,9,84,0,,,0,,unassigned,,,,,,,,,,,,,CIN,3548,,a2b8b8,,,,,
3,1578124390,7686,3326,,SFO+ASDEX,0xE02,DEF456,1,37.61967,-122.39489,0.13,7,100,100,,10,67,0,,,0,,unassigned,,,,,,,,,,,,,CIN,3548,,a2b8b8,,,,,
3,1578124391,7686,3326,,SFO+ASDEX,0xE02,DEF456,1,37.61968,-122.39483,0.13,1,100,100,,10,78,0,,,0,,unassigned,,,,,,,,,,,,,CIN,3548,,a2b8b8,,,,,
3,1578124392,7686,3326,,SFO+ASDEX,0xE02,DEF456,1,37.61972,-122.39477,0.13,8,100,100,,12,50,0,,,0,,unassigned,,,,,,,,,,,,,CIN,3548,,a2b8b8,,,,,
3,1578124393,7686,3326,,SFO+ASDEX,0xE02,DEF456,1,37.61978,-122.39464,0.13,1,100,100,,12,60,0,,,0,,unassigned,,,,,,,,,,,,,CIN,3548,,a2b8b8,,,,,
3,1578124394,7686,3326,,SFO+ASDEX,0xE02,DEF456,1,37.61976,-122.39459,0.13,1,100,100,,12,117,0,,,0,,unassigned,,,,,,,,,,,,,CIN,3548,,a2b8b8,,,,,
3,1578124396,7686,3326,,SFO+ASDEX,0xE02,DEF456,1,37.61977,-122.39449,0.13,1,100,100,,11,83,0,,,0,,unassigned,,,,,,,,,,,,,CIN,3548,,a2b8b8,,,,,
3,1578124397,7686,3326,,SFO+ASDEX,0xE02,DEF456,1,37.61979,-122.39443,0.13,9,100,100,,11,67,0,,,0,,unassigned,,,,,,,,,,,,,CIN,3548,,a2b8b8,,,,,
3,1578124398,7686,3326,,SFO+ASDEX,0xE02,DEF456,1,37.6198,-122.39437,0.13,9,100,100,,12,78,0,,,0,,unassigned,,,,,,,,,,,,,CIN,3548,,a2b8b8,,,,,
3,1578124399,7686,3326,,SFO+ASDEX,0xE02,DEF456,1,37.61982,-122.3943,0.13,1,100,100,,12,70,0,,,0,,unassigned,,,,,,,,,,,,,CIN,3548,,a2b8b8,,,,,
3,1578124400,7686,3326,,SFO+ASDEX,0xE02,DEF456,1,37.61981,-122.39421,0.13,1,100,100,,12,98,0,,,0,,unassigned,,,,,,,,,,,,,CIN,3548,,a2b8b8,,,,,
3,1578124401,7686,3326,,SFO+ASDEX,0xE02,DEF456,1,37.61983,-122.39418,0.13,2,100,100,,12,50,0,,,0,,unassigned,,,,,,,,,,,,,CIN,3548,,a2b8b8,,,,,
3,1578124402,7686,3326,,SFO+ASDEX,0xE02,DEF456,1,37.61983,-122.39412,0.13,2,100,100,,11,90,0,,,0,,unassigned,,,,,,,,,,,,,CIN,3548,,a2b8b8,,,,,
3,1578124403,7686,3326,,SFO+ASDEX,0xE02,DEF456,1,37.61986,-122.39407,0.13,3,100,100,,11,53,0,,,0,,unassigned,,,,,,,,,,,,,CIN,3548,,a2b8b8,,,,,
3,1578124404,7686,3326,,SFO+ASDEX,0xE02,DEF456,1,37.61988,-122.39402,0.13,9,100,100,,11,63,0,,,0,,unassigned,,,,,,,,,,,,,CIN,3548,,a2b8b8,,,,,
3,1578124405,7686,3326,,SFO+ASDEX,0xE02,DEF456,1,37.6199,-122.39395,0.13,9,100,100,,11,70,0,,,0,,unassigned,,,,,,,,,,,,,CIN,3548,,a2b8b8,,,,,
3,1578124406,7686,3326,,SFO+ASDEX,0xE02,DEF456,1,37.61992,-122.3939,0.13,9,100,100,,11,63,0,,,0,,unassigned,,,,,,,,,,,,,CIN,3548,,a2b8b8,,,,,
3,1578124407,7686,3326,,SFO+ASDEX,0xE02,DEF456,1,37.61993,-122.39384,0.13,10,100,100,,11,78,0,,,0,,unassigned,,,,,,,,,,,,,CIN,3548,,a2b8b8,,,,,
3,1578124408,7686,3326,,SFO+ASDEX,0xE02,DEF456,1,37.61995,-122.39377,0.13,10,100,100,,10,70,0,,,0,,unassigned,,,,,,,,,,,,,CIN,3548,,a2b8b8,,,,,
3,1578124409,7686,3326,,SFO+ASDEX,0xE02,DEF456,1,37.61996,-122.39372,0.06,10,100,100,,10,76,-420,,,0,,unassigned,,,,,,,,,,,,,CIN,3548,,a2b8b8,,,,,
3,1578124410,7686,3326,,SFO+ASDEX,0xE02,DEF456,1,37.61997,-122.39367,0.06,2,100,100,,10,76,0,,,0,,unassigned,,,,,,,,,,,,,CIN,3548,,a2b8b8,,,,,
3,1578124411,7686,3326,,SFO+ASDEX,0xE02,DEF456,1,37.61997,-122.39361,0.06,2,100,100,,10,90,0,,,0,,unassigned,,,,,,,,,,,,,CIN,3548,,a2b8b8,,,,,
3,1578124412,7686,3326,,SFO+ASDEX,0xE02,DEF456,1,37.61999,-122.39356,0.06,10,100,100,,10,63,0,,,0,,unassigned,,,,,,,,,,,,,CIN,3548,,a2b8b8,,,,,
3,1578124413,7686,3326,,SFO+ASDEX,0xE02,DEF456,1,37.62001,-122.3935,0.06,10,100,100,,9,67,0,,,0,,unassigned,,,,,,,,,,,,,CIN,3548,,a2b8b8,,,,,
3,1578124414,7686,3326,,SFO+ASDEX,0xE02,DEF456,1,37.62002,-122.39347,0.06,10,100,100,,9,67,0,,,0,,unassigned,,,,,,,,,,,,,CIN,3548,,a2b8b8,,,,,
3,1578124415,7686,3326,,SFO+ASDEX,0xE02,DEF456,1,37.62003,-122.39343,0.06,9,100,100,,9,73,0,,,0,,unassigned,,,,,,,,,,,,,CIN,3548,,a2b8b8,,,,,
3,1578124416,7686,3326,,SFO+ASDEX,0xE02,DEF456,1,37.62004,-122.39338,0.06,10,100,100,,9,76,0,,,0,,unassigned,,,,,,,,,,,,,CIN,3548,,a2b8b8,,,,,
3,1578124417,7686,3326,,SFO+ASDEX,0xE02,DEF456,1,37.62005,-122.39332,0.06,9,100,100,,11,78,0,,,0,,unassigned,,,,,,,,,,,,,CIN,3548,,a2b8b8,,,,,
3,1578124418,7686,3326,,SFO+ASDEX,0xE02,DEF456,1,37.62007,-122.39325,0.06,2,100,100,,12,70,0,,,0,,unassigned,,,,,,,,,,,,,CIN,3548,,a2b8b8,,,,,
3,1578124420,7686,3326,,SFO+ASDEX,0xE02,DEF456,1,37.6201,-122.39311,0.06,2,100,100,,12,75,0,,,0,,unassigned,,,,,,,,,,,,,CIN,3548,,a2b8b8,,,,,
3,1578124421,7686,3326,,SFO+ASDEX,0xE02,DEF456,1,37.62011,-122.39305,0.06,7,100,100,,12,78,0,,,0,,unassigned,,,,,,,,,,,,,CIN,3548,,a2b8b8,,,,,
3,1578124422,7686,3326,,SFO+ASDEX,0xE02,DEF456,1,37.62011,-122.393,0.06,5,100,100,,10,89,0,,,0,,unassigned,,,,,,,,,,,,,CIN,3548,,a2b8b8,,,,,
3,1578124423,7686,3326,,SFO+ASDEX,0xE02,DEF456,1,37.62013,-122.39294,0.06,10,100,100,,10,67,0,,,0,,unassigned,,,,,,,,,,,,,CIN,3548,,a2b8b8,,,,,
3,1578124424,7686,3326,,SFO+ASDEX,0xE02,DEF456,1,37.62014,-122.39291,0.06,10,100,100,,10,67,0,,,0,,unassigned,,,,,,,,,,,,,CIN,3548,,a2b8b8,,,,,
3,1578124425,7686,3326,,SFO+ASDEX,0xE02,DEF456,1,37.62015,-122.39286,0.06,10,100,100,,9,76,0,,,0,,unassigned,,,,,,,,,,,,,CIN,3548,,a2b8b8,,,,,
3,1578124426,7686,3326,,SFO+ASDEX,0xE02,DEF456,1,37.62017,-122.39279,0.06,1,100,100,,8,70,0,,,0,,unassigned,,,,,,,,,,,,,CIN,3548,,a2b8b8,,,,,
3,1578124427,7686,3326,,SFO+ASDEX,0xE02,DEF456,1,37.62016,-122.39277,0.06,1,100,100,,10,122,0,,,0,,unassigned,,,,,,,,,,,,,CIN,3548,,a2b8b8,,,,,
3,1578124428,7686,3326,,SFO+ASDEX,0xE02,DEF456,1,37.62017,-122.39272,0.06,7,100,100,,10,76,0,,,0,,unassigned,,,,,,,,,,,,,CIN,3548,,a2b8b8,,,,,
3,1578124429,7686,3326,,SFO+ASDEX,0xE02,DEF456,1,37.6202,-122.39264,0.06,7,100,100,,9,65,0,,,0,,unassigned,,,,,,,,,,,,,CIN,3548,,a2b8b8,,,,,
3,1578124430,7686,3326,,SFO+ASDEX,0xE02,DEF456,1,37.62021,-122.39259,0.06,7,100,100,,11,76,0,,,0,,unassigned,,,,,,,,,,,,,CIN,3548,,a2b8b8,,,,,
3,1578124431,7686,3326,,SFO+ASDEX,0xE02,DEF456,1,37.62023,-122.39254,0.06,10,100,100,,11,63,0,,,0,,unassigned,,,,,,,,,,,,,CIN,3548,,a2b8b8,,,,,
3,1578124432,7686,3326,,SFO+ASDEX,0xE02,DEF456,1,37.62026,-122.39247,0.06,7,100,100,,9,62,0,,,0,,unassigned,,,,,,,,,,,,,CIN,3548,,a2b8b8,,,,,
3,1578124433,7686,3326,,SFO+ASDEX,0xE02,DEF456,1,37.62027,-122.39242,0.06,10,100,100,,9,76,0,,,0,,unassigned,,,,,,,,,,,,,CIN,3548,,a2b8b8,,,,,
3,1578124434,7686,3326,,SFO+ASDEX,0xE02,DEF456,1,37.62028,-122.39238,0.06,1,100,100,,8,73,0,,,0,,unassigned,,,,,,,,,,,,,CIN,3548,,a2b8b8,,,,,
3,1578124436,7686,3326,,SFO+ASDEX,0xE02,DEF456,1,37.6203,-122.39235,0.06,1,100,100,,8,50,0,,,0,,unassigned,,,,,,,,,,,,,CIN,3548,,a2b8b8,,,,,
3,1578124437,7686,3326,,SFO+ASDEX,0xE02,DEF456,1,37.62031,-122.39231,0.06,10,100,100,,7,73,0,,,0,,unassigned,,,,,,,,,,,,,CIN,3548,,a2b8b8,,,,,
3,1578124438,7686,3326,,SFO+ASDEX,0xE02,DEF456,1,37.62033,-122.39225,0.06,10,100,100,,7,67,0,,,0,,unassigned,,,,,,,,,,,,,CIN,3548,,a2b8b8,,,,,
3,1578124439,7686,3326,,SFO+ASDEX,0xE02,DEF456,1,37.62034,-122.39222,0.06,1,100,100,,7,67,0,,,0,,unassigned,,,,,,,,,,,,,CIN,3548,,a2b8b8,,,,,
3,1578124440,7686,3326,,SFO+ASDEX,0xE02,DEF456,1,37.62037,-122.39222,0.06,1,100,100,,7,0,0,,,0,,unassigned,,,,,,,,,,,,,CIN,3548,,a2b8b8,,,,,
3,1578124441,7686,3326,,SFO+ASDEX,0xE02,DEF456,1,37.62039,-122.39218,0.06,1,100,100,,7,58,0,,,0,,unassigned,,,,,,,,,,,,,CIN,3548,,a2b8b8,,,,,
3,1578124442,7686,3326,,SFO+ASDEX,0xE02,DEF456,1,37.62041,-122.39217,0.06,6,100,100,,8,22,0,,,0,,unassigned,,,,,,,,,,,,,CIN,3548,,a2b8b8,,,,,
3,1578124443,7686,3326,,SFO+ASDEX,0xE02,DEF456,1,37.62046,-122.39216,0.06,4,100,100,,10,9,0,,,0,,unassigned,,,,,,,,,,,,,CIN,3548,,a2b8b8,,,,,
3,1578124444,7686,3326,,SFO+ASDEX,0xE02,DEF456,1,37.6205,-122.39213,0.06,4,100,100,,10,31,0,,,0,,unassigned,,,,,,,,,,,,,CIN,3548,,a2b8b8,,,,,
3,1578124445,7686,3326,,SFO+ASDEX,0xE02,DEF456,1,37.62055,-122.39211,0.06,10,100,100,,11,18,0,,,0,,unassigned,,,,,,,,,,,,,CIN,3548,,a2b8b8,,,,,
3,1578124446,7686,3326,,SFO+ASDEX,0xE02,DEF456,1,37.62059,-122.39209,0.06,8,100,100,,11,22,0,,,0,,unassigned,,,,,,,,,,,,,CIN,3548,,a2b8b8,,,,,
3,1578124447,7686,3326,,SFO+ASDEX,0xE02,DEF456,1,37.62064,-122.39208,0.06,1,100,100,,10,9,0,,,0,,unassigned,,,,,,,,,,,,,CIN,3548,,a2b8b8,,,,,
3,1578124448,7686,3326,,SFO+ASDEX,0xE02,DEF456,1,37.62066,-122.39203,0.06,5,100,100,,10,63,0,,,0,,unassigned,,,,,,,,,,,,,CIN,3548,,a2b8b8,,,,,
3,1578124449,7686,3326,,SFO+ASDEX,0xE02,DEF456,1,37.62068,-122.392,0.06,1,100,100,,9,50,0,,,0,,unassigned,,,,,,,,,,,,,CIN,3548,,a2b8b8,,,,,
3,1578124450,7686,3326,,SFO+ASDEX,0xE02,DEF456,1,37.62074,-122.392,0.06,2,100,100,,9,0,0,,,0,,unassigned,,,,,,,,,,,,,CIN,3548,,a2b8b8,,,,,
3,1578124451,7686,3326,,SFO+ASDEX,0xE02,DEF456,1,37.62076,-122.39201,0.06,1,100,100,,9,338,0,,,0,,unassigned,,,,,,,,,,,,,CIN,3548,,a2b8b8,,,,,
3,1578124452,7686,3326,,SFO+ASDEX,0xE02,DEF456,1,37.6208,-122.392,0.06,3,100,100,,9,11,0,,,0,,unassigned,,,,,,,,,,,,,CIN,3548,,a2b8b8,,,,,
3,1578124453,7686,3326,,SFO+ASDEX,0xE02,DEF456,1,37.62084,-122.39198,0.06,9,100,100,,8,22,0,,,0,,unassigned,,,,,,,,,,,,,CIN,3548,,a2b8b8,,,,,
3,1578124454,7686,3326,,SFO+ASDEX,0xE02,DEF456,1,37.62087,-122.39196,0.06,10,100,100,,8,28,0,,,0,,unassigned,,,,,,,,,,,,,CIN,3548,,a2b8b8,,,,,
3,1578124455,7686,3326,,SFO+ASDEX,0xE02,DEF456,1,37.6209,-122.39194,0.06,8,100,100,,9,28,0,,,0,,unassigned,,,,,,,,,,,,,CIN,3548,,a2b8b8,,,,,
3,1578124456,7686,3326,,SFO+ASDEX,0xE02,DEF456,1,37.62093,-122.39191,0.06,8,100,100,,8,38,0,,,0,,unassigned,,,,,,,,,,,,,CIN,3548,,a2b8b8,,,,,
3,1578124457,7686,3326,,SFO+ASDEX,0xE02,DEF456,1,37.62097,-122.39189,0.06,8,100,100,,9,22,0,,,0,,unassigned,,,,,,,,,,,,,CIN,3548,,a2b8b8,,,,,
3,1578124458,7686,3326,,SFO+ASDEX,0xE02,DEF456,1,37.621,-122.39187,0.06,10,100,100,,9,28,0,,,0,,unassigned,,,,,,,,,,,,,CIN,3548,,a2b8b8,,,,,
3,1578124459,7686,3326,,SFO+ASDEX,0xE02,DEF456,1,37.62105,-122.39183,0.06,2,100,100,,8,32,0,,,0,,unassigned,,,,,,,,,,,,,CIN,3548,,a2b8b8,,,,,
3,1578124460,7686,3326,,SFO+ASDEX,0xE02,DEF456,1,37.62107,-122.3918,0.06,2,100,100,,8,50,0,,,0,,unassigned,,,,,,,,,,,,,CIN,3548,,a2b8b8,,,,,
3,1578124461,7686,3326,,SFO+ASDEX,0xE02,DEF456,1,37.6211,-122.39178,0.06,10,100,100,,7,28,0,,,0,,unassigned,,,,,,,,,,,,,CIN,3548,,a2b8b8,,,,,
3,1578124462,7686,3326,,SFO+ASDEX,0xE02,DEF456,1,37.62113,-122.39176,0.06,6,100,100,,7,28,0,,,0,,unassigned,,,,,,,,,,,,,CIN,3548,,a2b8b8,,,,,
3,1578124463,7686,3326,,SFO+ASDEX,0xE02,DEF456,1,37.62116,-122.39175,0.06,4,100,100,,7,15,0,,,0,,unassigned,,,,,,,,,,,,,CIN,3548,,a2b8b8,,,,,
3,1578124464,7686,3326,,SFO+ASDEX,0xE02,DEF456,1,37.62119,-122.39172,0.06,4,100,100,,6,38,0,,,0,,unassigned,,,,,,,,,,,,,CIN,3548,,a2b8b8,,,,,
3,1578124465,7686,3326,,SFO+ASDEX,0xE02,DEF456,1,37.62121,-122.39171,0.06,1,100,100,,7,22,0,,,0,,unassigned,,,,,,,,,,,,,CIN,3548,,a2b8b8,,,,,
3,1578124466,7686,3326,,SFO+ASDEX,0xE02,DEF456,1,37.62123,-122.39171,0.06,1,100,100,,7,0,0,,,0,,unassigned,,,,,,,,,,,,,CIN,3548,,a2b8b8,,,,,
3,1578124467,7686,3326,,SFO+ASDEX,0xE02,DEF456,1,37.62126,-122.39168,0.06,4,100,100,,6,38,0,,,0,,unassigned,,,,,,,,,,,,,CIN,3548,,a2b8b8,,,,,
3,1578124468,7686,3326,,SFO+ASDEX,0xE02,DEF456,1,37.62129,-122.39167,0.13,5,100,100,,7,15,420,,,0,,unassigned,,,,,,,,,,,,,CIN,3548,,a2b8b8,,,,,
3,1578124469,7686,3326,,SFO+ASDEX,0xE02,DEF456,1,37.62132,-122.39166,0.13,7,100,100,,8,15,0,,,0,,unassigned,,,,,,,,,,,,,CIN,3548,,a2b8b8,,,,,
3,1578124470,7686,3326,,SFO+ASDEX,0xE02,DEF456,1,37.62135,-122.39164,0.13,8,100,100,,8,28,0,,,0,,unassigned,,,,,,,,,,,,,CIN,3548,,a2b8b8,,,,,
3,1578124471,7686,3326,,SFO+ASDEX,0xE02,DEF456,1,37.62138,-122.39161,0.13,7,100,100,,9,38,0,,,0,,unassigned,,,,,,,,,,,,,CIN,3548,,a2b8b8,,,,,
3,1578124472,7686,3326,,SFO+ASDEX,0xE02,DEF456,1,37.62142,-122.39159,0.13,10,100,100,,9,22,0,,,0,,unassigned,,,,,,,,,,,,,CIN,3548,,a2b8b8,,,,,
3,1578124473,7686,3326,,SFO+ASDEX,0xE02,DEF456,1,37.62147,-122.39156,0.13,8,100,100,,8,25,0,,,0,,unassigned,,,,,,,,,,,,,CIN,3548,,a2b8b8,,,,,
3,1578124474,7686,3326,,SFO+ASDEX,0xE02,DEF456,1,37.6215,-122.39155,0.13,4,100,100,,7,15,0,,,0,,unassigned,,,,,,,,,,,,,CIN,3548,,a2b8b8,,,,,
3,1578124475,7686,3326,,SFO+ASDEX,0xE02,DEF456,1,37.62152,-122.39153,0.13,1,100,100,,7,38,0,,,0,,unassigned,,,,,,,,,,,,,CIN,3548,,a2b8b8,,,,,
3,1578124476,7686,3326,,SFO+ASDEX,0xE02,DEF456,1,37.62153,-122.3915,0.13,1,100,100,,6,67,0,,,0,,unassigned,,,,,,,,,,,,,CIN,3548,,a2b8b8,,,,,
3,1578124477,7686,3326,,SFO+ASDEX,0xE02,DEF456,1,37.62156,-122.39148,0.13,8,100,100,,6,28,0,,,0,,unassigned,,,,,,,,,,,,,CIN,3548,,a2b8b8,,,,,
3,1578124478,7686,3326,,SFO+ASDEX,0xE02,DEF456,1,37.62158,-122.39146,0.13,10,100,100,,6,38,0,,,0,,unassigned,,,,,,,,,,,,,CIN,3548,,a2b8b8,,,,,
3,1578124479,7686,3326,,SFO+ASDEX,0xE02,DEF456,1,37.6216,-122.39144,0.13,6,100,100,,7,38,0,,,0,,unassigned,,,,,,,,,,,,,CIN,3548,,a2b8b8,,,,,
3,1578124480,7686,3326,,SFO+ASDEX,0xE02,DEF456,1,37.62164,-122.39143,0.13,6,100,100,,6,11,0,,,0,,unassigned,,,,,,,,,,,,,CIN,3548,,a2b8b8,,,,,
3,1578124481,7686,3326,,SFO+ASDEX,0xE02,DEF456,1,37.62167,-122.39141,0.13,9,100,100,,7,28,0,,,0,,unassigned,,,,,,,,,,,,,CIN,3548,,a2b8b8,,,,,
3,1578124482,7686,3326,,SFO+ASDEX,0xE02,DEF456,1,37.62169,-122.3914,0.13,9,100,100,,6,22,0,,,0,,unassigned,,,,,,,,,,,,,CIN,3548,,a2b8b8,,,,,
3,1578124483,7686,3326,,SFO+ASDEX,0xE02,DEF456,1,37.62172,-122.39139,0.13,9,100,100,,6,15,0,,,0,,unassigned,,,,,,,,,,,,,CIN,3548,,a2b8b8,,,,,
3,1578124484,7686,3326,,SFO+ASDEX,0xE02,DEF456,1,37.62174,-122.39138,0.13,10,100,100,,5,22,0,,,0,,unassigned,,,,,,,,,,,,,CIN,3548,,a2b8b8,,,,,
3,1578124485,7686,3326,,SFO+ASDEX,0xE02,DEF456,1,37.62176,-122.39137,0.13,10,100,100,,6,22,0,,,0,,unassigned,,,,,,,,,,,,,CIN,3548,,a2b8b8,,,,,
3,1578124486,7686,3326,,SFO+ASDEX,0xE02,DEF456,1,37.62178,-122.39136,0.13,6,100,100,,5,22,0,,,0,,unassigned,,,,,,,,,,,,,CIN,3548,,a2b8b8,,,,,
3,1578124487,7686,3326,,SFO+ASDEX,0xE02,DEF456,1,37.62182,-122.39133,0.13,5,100,100,,5,31,0,,,0,,unassigned,,,,,,,,,,,,,CIN,3548,,a2b8b8,,,,,
3,1578124488,7686,3326,,SFO+ASDEX,0xE02,DEF456,1,37.62183,-122.39132,0.13,1,100,100,,4,38,0,,,0,,unassigned,,,,,,,,,,,,,CIN,3548,,a2b8b8,,,,,
3,1578124489,7686,3326,,SFO+ASDEX,0xE02,DEF456,1,37.62184,-122.3913,0.13,10,100,100,,4,58,0,,,0,,unassigned,,,,,,,,,,,,,CIN,3548,,a2b8b8,,,,,
3,1578124490,7686,3326,,SFO+ASDEX,0xE02,DEF456,1,37.62185,-122.39128,0.13,1,100,100,,4,58,0,,,0,,unassigned,,,,,,,,,,,,,CIN,3548,,a2b8b8,,,,,
3,1578124491,7686,3326,,SFO+ASDEX,0xE02,DEF456,1,37.62187,-122.39128,0.13,2,100,100,,4,0,0,,,0,,unassigned,,,,,,,,,,,,,CIN,3548,,a2b8b8,,,,,
3,1578124492,7686,3326,,SFO+ASDEX,0xE02,DEF456,1,37.62189,-122.39127,0.13,2,100,100,,4,22,0,,,0,,unassigned,,,,,,,,,,,,,CIN,3548,,a2b8b8,,,,,
3,1578124493,7686,3326,,SFO+ASDEX,0xE02,DEF456,1,37.62191,-122.39127,0.13,1,100,100,,4,0,0,,,0,,unassigned,,,,,,,,,,,,,CIN,3548,,a2b8b8,,,,,
3,1578124494,7686,3326,,SFO+ASDEX,0xE02,DEF456,1,37.62192,-122.39126,0.13,1,100,100,,5,39,0,,,0,,unassigned,,,,,,,,,,,,,CIN,3548,,a2b8b8,,,,,
3,1578124495,7686,3326,,SFO+ASDEX,0xE02,DEF456,1,37.62194,-122.39126,0.13,1,100,100,,4,0,0,,,0,,unassigned,,,,,,,,,,,,,CIN,3548,,a2b8b8,,,,,
3,1578124496,7686,3326,,SFO+ASDEX,0xE02,DEF456,1,37.62196,-122.39124,0.13,1,100,100,,4,38,0,,,0,,unassigned,,,,,,,,,,,,,CIN,3548,,a2b8b8,,,,,
3,1578124499,7686,3326,,SFO+ASDEX,0xE02,DEF456,1,37.62199,-122.39122,0.13,1,100,100,,4,28,0,,,0,,unassigned,,,,,,,,,,,,,CIN,3548,,a2b8b8,,,,,
3,1578124500,7686,3326,,SFO+ASDEX,0xE02,DEF456,1,37.62199,-122.3912,0.13,1,100,100,,4,90,0,,,0,,unassigned,,,,,,,,,,,,,CIN,3548,,a2b8b8,,,,,
3,1578124501,7686,3326,,SFO+ASDEX,0xE02,DEF456,1,37.622,-122.39119,0.06,1,100,100,,4,39,-420,,,0,,unassigned,,,,,,,,,,,,,CIN,3548,,a2b8b8,,,,,
3,1578124502,7686,3326,,SFO+ASDEX,0xE02,DEF456,1,37.62203,-122.39118,0.13,1,100,100,,4,15,420,,,0,,unassigned,,,,,,,,,,,,,CIN,3548,,a2b8b8,,,,,
3,1578124503,7686,3326,,SFO+ASDEX,0xE02,DEF456,1,37.62204,-122.39116,0.13,1,100,100,,4,58,0,,,0,,unassigned,,,,,,,,,,,,,CIN,3548,,a2b8b8,,,,,
3,1578124504,7686,3326,,SFO+ASDEX,0xE02,DEF456,1,37.62205,-122.39116,0.13,1,100,100,,4,0,0,,,0,,unassigned,,,,,,,,,,,,,CIN,3548,,a2b8b8,,,,,
3,1578124505,7686,3326,,SFO+ASDEX,0xE02,DEF456,1,37.62207,-122.39114,0.13,10,100,100,,4,38,0,,,0,,unassigned,,,,,,,,,,,,,CIN,3548,,a2b8b8,,,,,
3,1578124506,7686,3326,,SFO+ASDEX,0xE02,DEF456,1,37.62208,-122.39113,0.13,1,100,100,,5,38,0,,,0,,unassigned,,,,,,,,,,,,,CIN,3548,,a2b8b8,,,,,
3,1578124507,7686,3326,,SFO+ASDEX,0xE02,DEF456,1,37.62211,-122.39112,0.13,1,100,100,,6,15,0,,,0,,unassigned,,,,,,,,,,,,,CIN,3548,,a2b8b8,,,,,
3,1578124508,7686,3326,,SFO+ASDEX,0xE02,DEF456,1,37.62213,-122.3911,0.13,9,100,100,,6,38,0,,,0,,unassigned,,,,,,,,,,,,,CIN,3548,,a2b8b8,,,,,
3,1578124509,7686,3326,,SFO+ASDEX,0xE02,DEF456,1,37.62217,-122.39107,0.13,9,100,100,,7,31,0,,,0,,unassigned,,,,,,,,,,,,,CIN,3548,,a2b8b8,,,,,
3,1578124510,7686,3326,,SFO+ASDEX,0xE02,DEF456,1,37.62219,-122.39105,0.13,7,100,100,,6,38,0,,,0,,unassigned,,,,,,,,,,,,,CIN,3548,,a2b8b8,,,,,
3,1578124511,7686,3326,,SFO+ASDEX,0xE02,DEF456,1,37.62221,-122.39102,0.13,7,100,100,,6,50,0,,,0,,unassigned,,,,,,,,,,,,,CIN,3548,,a2b8b8,,,,,
3,1578124512,7686,3326,,SFO+ASDEX,0xE02,DEF456,1,37.62223,-122.391,0.13,2,100,100,,6,38,0,,,0,,unassigned,,,,,,,,,,,,,CIN,3548,,a2b8b8,,,,,
3,1578124513,7686,3326,,SFO+ASDEX,0xE02,DEF456,1,37.62224,-122.39098,0.13,2,100,100,,6,58,0,,,0,,unassigned,,,,,,,,,,,,,CIN,3548,,a2b8b8,,,,,
3,1578124514,7686,3326,,SFO+ASDEX,0xE02,DEF456,1,37.62226,-122.39096,0.13,1,100,100,,6,38,0,,,0,,unassigned,,,,,,,,,,,,,CIN,3548,,a2b8b8,,,,,
3,1578124515,7686,3326,,SFO+ASDEX,0xE02,DEF456,1,37.62226,-122.39091,0.13,2,100,100,,6,89,0,,,0,,unassigned,,,,,,,,,,,,,CIN,3548,,a2b8b8,,,,,
3,1578124516,7686,3326,,SFO+ASDEX,0xE02,DEF456,1,37.62227,-122.39088,0.13,10,100,100,,6,67,0,,,0,,unassigned,,,,,,,,,,,,,CIN,3548,,a2b8b8,,,,,
3,1578124517,7686,3326,,SFO+ASDEX,0xE02,DEF456,1,37.62228,-122.39085,0.13,10,100,100,,7,67,0,,,0,,unassigned,,,,,,,,,,,,,CIN,3548,,a2b8b8,,,,,
3,1578124518,7686,3326,,SFO+ASDEX,0xE02,DEF456,1,37.62229,-122.39081,0.13,2,100,100,,7,72,0,,,0,,unassigned,,,,,,,,,,,,,CIN,3548,,a2b8b8,,,,,
3,1578124519,7686,3326,,SFO+ASDEX,0xE02,DEF456,1,37.62229,-122.39077,0.13,2,100,100,,7,88,0,,,0,,unassigned,,,,,,,,,,,,,CIN,3548,,a2b8b8,,,,,
3,1578124520,7686,3326,,SFO+ASDEX,0xE02,DEF456,1,37.62231,-122.39074,0.13,9,100,100,,7,50,0,,,0,,unassigned,,,,,,,,,,,,,CIN,3548,,a2b8b8,,,,,
3,1578124521,7686,3326,,SFO+ASDEX,0xE02,DEF456,1,37.62233,-122.3907,0.13,2,100,100,,7,58,0,,,0,,unassigned,,,,,,,,,,,,,CIN,3548,,a2b8b8,,,,,
3,1578124522,7686,3326,,SFO+ASDEX,0xE02,DEF456,1,37.62233,-122.39067,0.13,2,100,100,,7,90,0,,,0,,unassigned,,,,,,,,,,,,,CIN,3548,,a2b8b8,,,,,
3,1578124523,7686,3326,,SFO+ASDEX,0xE02,DEF456,1,37.62234,-122.39063,0.13,10,100,100,,7,72,0,,,0,,unassigned,,,,,,,,,,,,,CIN,3548,,a2b8b8,,,,,
3,1578124524,7686,3326,,SFO+ASDEX,0xE02,DEF456,1,37.62235,-122.3906,0.13,10,100,100,,7,67,0,,,0,,unassigned,,,,,,,,,,,,,CIN,3548,,a2b8b8,,,,,
3,1578124525,7686,3326,,SFO+ASDEX,0xE02,DEF456,1,37.62236,-122.39056,0.13,2,100,100,,7,72,0,,,0,,unassigned,,,,,,,,,,,,,CIN,3548,,a2b8b8,,,,,
3,1578124526,7686,3326,,SFO+ASDEX,0xE02,DEF456,1,37.62236,-122.39052,0.13,2,100,100,,7,90,0,,,0,,unassigned,,,,,,,,,,,,,CIN,3548,,a2b8b8,,,,,
3,1578124527,7686,3326,,SFO+ASDEX,0xE02,DEF456,1,37.62237,-122.39048,0.13,10,100,100,,7,72,0,,,0,,unassigned,,,,,,,,,,,,,CIN,3548,,a2b8b8,,,,,
3,1578124528,7686,3326,,SFO+ASDEX,0xE02,DEF456,1,37.62238,-122.39044,0.13,10,100,100,,7,72,0,,,0,,unassigned,,,,,,,,,,,,,CIN,3548,,a2b8b8,,,,,
3,1578124529,7686,3326,,SFO+ASDEX,0xE02,DEF456,1,37.62239,-122.39041,0.13,5,100,100,,6,67,0,,,0,,unassigned,,,,,,,,,,,,,CIN,3548,,a2b8b8,,,,,
3,1578124530,7686,3326,,SFO+ASDEX,0xE02,DEF456,1,37.6224,-122.39039,0.13,2,100,100,,6,58,0,,,0,,unassigned,,,,,,,,,,,,,CIN,3548,,a2b8b8,,,,,
3,1578124531,7686,3326,,SFO+ASDEX,0xE02,DEF456,1,37.6224,-122.39037,0.13,1,100,100,,5,90,0,,,0,,unassigned,,,,,,,,,,,,,CIN,3548,,a2b8b8,,,,,
3,1578124532,7686,3326,,SFO+ASDEX,0xE02,DEF456,1,37.62243,-122.39034,0.13,2,100,100,,4,38,0,,,0,,unassigned,,,,,,,,,,,,,CIN,3548,,a2b8b8,,,,,
3,1578124533,7686,3326,,SFO+ASDEX,0xE02,DEF456,1,37.62244,-122.39032,0.13,10,100,100,,4,58,0,,,0,,unassigned,,,,,,,,,,,,,CIN,3548,,a2b8b8,,,,,
3,1578124534,7686,3326,,SFO+ASDEX,0xE02,DEF456,1,37.62245,-122.3903,0.13,10,100,100,,4,58,0,,,0,,unassigned,,,,,,,,,,,,,CIN,3548,,a2b8b8,,,,,
3,1578124535,7686,3326,,SFO+ASDEX,0xE02,DEF456,1,37.62246,-122.39028,0.13,10,100,100,,4,58,0,,,0,,unassigned,,,,,,,,,,,,,CIN,3548,,a2b8b8,,,,,
3,1578124536,7686,3326,,SFO+ASDEX,0xE02,DEF456,1,37.62247,-122.39026,0.13,1,100,100,,4,58,0,,,0,,unassigned,,,,,,,,,,,,,CIN,3548,,a2b8b8,,,,,
3,1578124537,7686,3326,,SFO+ASDEX,0xE02,DEF456,1,37.62247,-122.39024,0.13,1,100,100,,4,90,0,,,0,,unassigned,,,,,,,,,,,,,CIN,3548,,a2b8b8,,,,,
3,1578124538,7686,3326,,SFO+ASDEX,0xE02,DEF456,1,37.62246,-122.39022,0.13,1,100,100,,4,122,0,,,0,,unassigned,,,,,,,,,,,,,CIN,3548,,a2b8b8,,,,,
3,1578124539,7686,3326,,SFO+ASDEX,0xE02,DEF456,1,37.62247,-122.3902,0.13,1,100,100,,4,58,0,,,0,,unassigned,,,,,,,,,,,,,CIN,3548,,a2b8b8,,,,,
3,1578124540,7686,3326,,SFO+ASDEX,0xE02,DEF456,1,37.62247,-122.39019,0.13,10,100,100,,4,90,0,,,0,,unassigned,,,,,,,,,,,,,CIN,3548,,a2b8b8,,,,,
3,1578124541,7686,3326,,SFO+ASDEX,0xE02,DEF456,1,37.62247,-122.39017,0.13,10,100,100,,4,90,0,,,0,,unassigned,,,,,,,,,,,,,CIN,3548,,a2b8b8,,,,,
3,1578124542,7686,3326,,SFO+ASDEX,0xE02,DEF456,1,37.62247,-122.39015,0.13,1,100,100,,4,90,0,,,0,,unassigned,,,,,,,,,,,,,CIN,3548,,a2b8b8,,,,,
3,1578124543,7686,3326,,SFO+ASDEX,0xE02,DEF456,1,37.62248,-122.39013,0.13,1,100,100,,4,58,0,,,0,,unassigned,,,,,,,,,,,,,CIN,3548,,a2b8b8,,,,,
3,1578124544,7686,3326,,SFO+ASDEX,0xE02,DEF456,1,37.62248,-122.39011,0.13,1,100,100,,4,90,0,,,0,,unassigned,,,,,,,,,,,,,CIN,3548,,a2b8b8,,,,,
3,1578124545,7686,3326,,SFO+ASDEX,0xE02,DEF456,1,37.62249,-122.39009,0.13,1,100,100,,4,58,0,,,0,,unassigned,,,,,,,,,,,,,CIN,3548,,a2b8b8,,,,,
3,1578124546,7686,3326,,SFO+ASDEX,0xE02,DEF456,1,37.62249,-122.39007,0.13,10,100,100,,3,87,0,,,0,,unassigned,,,,,,,,,,,,,CIN,3548,,a2b8b8,,,,,
3,1578124547,7686,3326,,SFO+ASDEX,0xE02,DEF456,1,37.62249,-122.39006,0.13,1,100,100,,2,84,0,,,0,,unassigned,,,,,,,,,,,,,CIN,3548,,a2b8b8,,,,,
3,1578124558,7686,3326,,SFO+ASDEX,0xE02,DEF456,1,37.62248,-122.39003,0.13,1,100,100,,2,113,0,,,0,,unassigned,,,,,,,,,,,,,CIN,3548,,a2b8b8,,,,,
3,1578124560,7686,3326,,SFO+ASDEX,0xE02,DEF456,1,37.62249,-122.39001,0.13,2,100,100,,2,58,0,,,0,,unassigned,,,,,,,,,,,,,CIN,3548,,a2b8b8,,,,,
3,1578124561,7686,3326,,SFO+ASDEX,0xE02,DEF456,1,37.6225,-122.38999,0.13,1,100,100,,3,58,0,,,0,,unassigned,,,,,,,,,,,,,CIN,3548,,a2b8b8,,,,,
3,1578124562,7686,3326,,SFO+ASDEX,0xE02,DEF456,1,37.6225,-122.38997,0.06,1,100,100,,4,90,-420,,,0,,unassigned,,,,,,,,,,,,,CIN,3548,,a2b8b8,,,,,
3,1578124563,7686,3326,,SFO+ASDEX,0xE02,DEF456,1,37.62252,-122.38996,0.13,1,100,100,,4,22,420,,,0,,unassigned,,,,,,,,,,,,,CIN,3548,,a2b8b8,,,,,
3,1578124564,7686,3326,,SFO+ASDEX,0xE02,DEF456,1,37.62253,-122.38994,0.13,1,100,100,,4,58,0,,,0,,unassigned,,,,,,,,,,,,,CIN,3548,,a2b8b8,,,,,
3,1578124566,7686,3326,,SFO+ASDEX,0xE02,DEF456,1,37.62252,-122.38992,0.13,1,100,100,,4,122,0,,,0,,unassigned,,,,,,,,,,,,,CIN,3548,,a2b8b8,,,,,
2,1578123965,7687,3322,,MODE_S,,GHI789,1,B77W,SFO,?,D,SFO,?,71c008,,,,,,,,,,,,,,,,,,,,,,,,,,,,,
4,1578123965,7687,3322,,MODE_S,0xE02,GHI789,1,B77W,?,?,N,,,,,?,,U,J,U,B/,,,,,,,,,,,,454,71c008,,,,,,,,,
4,1578123982,7687,3322,,SFO,0xE02,GHI789,1,B77W,?,?,N,,,,,?,,U,J,U,B/,,,,,,,,,,,,454,71c008,,,,,,,,,
4,1578124004,7687,3322,,SFO,0xE02,GHI789,1,B77W,?,?,N,,,,,?,,U,J,U,B/,,,,,,,,,,,,1314,71c008,,,,,,,,,
4,1578124036,7687,3322,,SFO,0xE02,GHI789,1,B77W,?,?,N,,,,,?,,U,J,U,B/,,,,,,,,,,,,1406,71c008,,,,,,,,,
4,1578124142,7687,3322,,SFO,0xE02,GHI789,1,B77W,?,?,N,,,,,?,,U,J,U,B/,,,,,,,,,,,,657,71c008,,,,,,,,,
4,1578124165,7687,3322,,SFO,0xE02,GHI789,1,B77W,?,?,N,,,,,?,,U,J,U,B/,,,,,,,,,,,,4087,71c008,,,,,,,,,
4,1578124189,7687,3322,,MODE_S,0xE02,GHI789,1,B77W,?,?,N,,,,,?,,U,J,U,B/,,,,,,,,,,,,4087,71c008,,,,,,,,,
4,1578124391,7687,3322,,SFO,0xE02,GHI789,1,B77W,?,?,N,,,,,?,,U,J,U,B/,,,,,,,,,,,,3976,71c008,,,,,,,,,
4,1578124835,7687,3322,,SMRMODE_S,0xE02,GHI789,1,B77W,?,?,N,,,,,?,,U,J,U,B/,,,,,,,,,,,,3976,71c008,,,,,,,,,
4,1578125087,7687,3322,,SMRMODE_SADSB,0xE02,GHI789,1,B77W,?,?,N,,,,,?,,U,J,U,B/,,,,,,,,,,,,3976,71c008,,,,,,,,,
4,1578125105,7687,3322,,MODE_SADSBASR9,0xE02,GHI789,1,B77W,?,?,N,,,,,?,,U,J,U,B/,,,,,,,,,,,,3976,71c008,,,,,,,,,
4,1578125159,7687,3322,,MODE_SADSB,0xE02,GHI789,1,B77W,?,?,N,,,,,?,,U,J,U,B/,,,,,,,,,,,,3976,71c008,,,,,,,,,
4,1578125195,7687,3322,,MODE_S,0xE02,GHI789,1,B77W,?,?,N,,,,,?,,U,J,U,B/,,,,,,,,,,,,3976,71c008,,,,,,,,,
3,1578123965,7687,3322,,SFO+ASDEX,0xE02,GHI789,1,37.61364,-122.38813,0.06,1,100,100,,1,113,0,,,0,,unassigned,,,,,,,,,,,,,AMA,454,,71c008,,,,,
3,1578123972,7687,3322,,SFO+ASDEX,0xE02,GHI789,1,37.61363,-122.3881,0.06,1,100,100,,1,113,0,,,0,,unassigned,,,,,,,,,,,,,AMA,454,,71c008,,,,,
3,1578123973,7687,3322,,SFO+ASDEX,0xE02,GHI789,1,37.61363,-122.38809,0.06,1,100,100,,1,90,0,,,0,,unassigned,,,,,,,,,,,,,AMA,454,,71c008,,,,,
3,1578123976,7687,3322,,SFO+ASDEX,0xE02,GHI789,1,37.61362,-122.38808,0.06,1,100,100,,1,142,0,,,0,,unassigned,,,,,,,,,,,,,AMA,454,,71c008,,,,,
3,1578123977,7687,3322,,SFO+ASDEX,0xE02,GHI789,1,37.61362,-122.38807,0.06,1,100,100,,2,90,0,,,0,,unassigned,,,,,,,,,,,,,AMA,454,,71c008,,,,,
3,1578123979,7687,3322,,SFO+ASDEX,0xE02,GHI789,1,37.61359,-122.38804,0.06,1,100,100,,2,142,0,,,0,,unassigned,,,,,,,,,,,,,AMA,454,,71c008,,,,,
3,1578123980,7687,3322,,SFO+ASDEX,0xE02,GHI789,1,37.61358,-122.38803,0.06,1,100,100,,2,142,0,,,0,,unassigned,,,,,,,,,,,,,AMA,454,,71c008,,,,,
3,1578123981,7687,3322,,SFO+ASDEX,0xE02,GHI789,1,37.61358,-122.38802,0.06,1,100,100,,2,90,0,,,0,,unassigned,,,,,,,,,,,,,AMA,454,,71c008,,,,,
3,1578123982,7687,3322,,SFO+ASDEX,0xE02,GHI789,1,37.61357,-122.38801,0.06,1,100,100,,2,142,0,,,0,,unassigned,,,,,,,,,,,,,AMA,454,,71c008,,,,,
3,1578123984,7687,3322,,SFO+ASDEX,0xE02,GHI789,1,37.61356,-122.388,0.06,1,100,100,,2,142,0,,,0,,unassigned,,,,,,,,,,,,,AMA,454,,71c008,,,,,
3,1578123985,7687,3322,,SFO+ASDEX,0xE02,GHI789,1,37.61356,-122.38799,0.06,1,100,100,,2,90,0,,,0,,unassigned,,,,,,,,,,,,,AMA,454,,71c008,,,,,
3,1578124003,7687,3322,,SFO+ASDEX,0xE02,GHI789,1,37.61331,-122.38786,0.06,1,100,100,,2,158,0,,,0,,unassigned,,,,,,,,,,,,,AMA,1314,,71c008,,,,,
3,1578124006,7687,3322,,SFO+ASDEX,0xE02,GHI789,1,37.6133,-122.38783,0.06,1,100,100,,2,113,0,,,0,,unassigned,,,,,,,,,,,,,AMA,1314,,71c008,,,,,
3,1578124013,7687,3322,,SFO+ASDEX,0xE02,GHI789,1,37.61324,-122.3878,0.06,1,100,100,,2,158,0,,,0,,unassigned,,,,,,,,,,,,,AMA,1314,,71c008,,,,,
3,1578124015,7687,3322,,SFO+ASDEX,0xE02,GHI789,1,37.61323,-122.38779,0.06,1,100,100,,2,142,0,,,0,,unassigned,,,,,,,,,,,,,AMA,1314,,71c008,,,,,
3,1578124016,7687,3322,,SFO+ASDEX,0xE02,GHI789,1,37.61323,-122.38778,0.06,1,100,100,,2,84,0,,,0,,unassigned,,,,,,,,,,,,,AMA,1314,,71c008,,,,,
3,1578124018,7687,3322,,SFO+ASDEX,0xE02,GHI789,1,37.6132,-122.38775,0.06,1,100,100,,2,142,0,,,0,,unassigned,,,,,,,,,,,,,AMA,1314,,71c008,,,,,
3,1578124019,7687,3322,,SFO+ASDEX,0xE02,GHI789,1,37.61319,-122.38774,0.06,10,100,100,,3,141,0,,,0,,unassigned,,,,,,,,,,,,,AMA,1314,,71c008,,,,,
3,1578124020,7687,3322,,SFO+ASDEX,0xE02,GHI789,1,37.61318,-122.38773,0.06,1,100,100,,5,142,0,,,0,,unassigned,,,,,,,,,,,,,AMA,1314,,71c008,,,,,
3,1578124021,7687,3322,,SFO+ASDEX,0xE02,GHI789,1,37.61306,-122.38771,0.06,10,100,100,,6,172,0,,,0,,unassigned,,,,,,,,,,,,,AMA,1314,,71c008,,,,,
3,1578124022,7687,3322,,SFO+ASDEX,0xE02,GHI789,1,37.61302,-122.3877,0.06,1,100,100,,8,169,0,,,0,,unassigned,,,,,,,,,,,,,AMA,1314,,71c008,,,,,
3,1578124023,7687,3322,,SFO+ASDEX,0xE02,GHI789,1,37.61299,-122.38769,0.06,10,100,100,,9,165,0,,,0,,unassigned,,,,,,,,,,,,,AMA,1314,,71c008,,,,,
3,1578124024,7687,3322,,SFO+ASDEX,0xE02,GHI789,1,37.61295,-122.38768,0.06,10,100,100,,8,169,0,,,0,,unassigned,,,,,,,,,,,,,AMA,1314,,71c008,,,,,
3,1578124025,7687,3322,,SFO+ASDEX,0xE02,GHI789,1,37.61291,-122.38767,0.06,10,100,100,,8,169,0,,,0,,unassigned,,,,,,,,,,,,,AMA,1314,,71c008,,,,,
3,1578124026,7687,3322,,SFO+ASDEX,0xE02,GHI789,1,37.61288,-122.38766,0.06,10,100,100,,9,165,0,,,0,,unassigned,,,,,,,,,,,,,AMA,1314,,71c008,,,,,
3,1578124027,7687,3322,,SFO+ASDEX,0xE02,GHI789,1,37.61284,-122.38765,0.06,6,100,100,,8,169,0,,,0,,unassigned,,,,,,,,,,,,,AMA,1314,,71c008,,,,,
3,1578124028,7687,3322,,SFO+ASDEX,0xE02,GHI789,1,37.6128,-122.38765,0.06,1,100,100,,7,180,0,,,0,,unassigned,,,,,,,,,,,,,AMA,1314,,71c008,,,,,
3,1578124138,7687,3322,,SFO+ASDEX,0xE02,GHI789,1,37.61238,-122.3876,0.06,1,100,100,,1,175,0,,,0,,unassigned,,,,,,,,,,,,,AMA,657,,71c008,,,,,
3,1578124139,7687,3322,,SFO+ASDEX,0xE02,GHI789,1,37.61236,-122.38762,0.06,4,100,100,,5,218,0,,,0,,unassigned,,,,,,,,,,,,,AMA,657,,71c008,,,,,
3,1578124140,7687,3322,,SFO+ASDEX,0xE02,GHI789,1,37.61234,-122.38763,0.06,10,100,100,,5,202,0,,,0,,unassigned,,,,,,,,,,,,,AMA,657,,71c008,,,,,
3,1578124141,7687,3322,,SFO+ASDEX,0xE02,GHI789,1,37.61232,-122.38764,0.06,4,100,100,,5,202,0,,,0,,unassigned,,,,,,,,,,,,,AMA,657,,71c008,,,,,
3,1578124142,7687,3322,,SFO+ASDEX,0xE02,GHI789,1,37.6123,-122.38766,0.06,4,100,100,,5,218,0,,,0,,unassigned,,,,,,,,,,,,,AMA,657,,71c008,,,,,
3,1578124143,7687,3322,,SFO+ASDEX,0xE02,GHI789,1,37.61228,-122.38767,0.06,10,100,100,,5,202,0,,,0,,unassigned,,,,,,,,,,,,,AMA,657,,71c008,,,,,
3,1578124144,7687,3322,,SFO+ASDEX,0xE02,GHI789,1,37.61226,-122.38768,0.06,4,100,100,,5,202,0,,,0,,unassigned,,,,,,,,,,,,,AMA,657,,71c008,,,,,
3,1578124145,7687,3322,,SFO+ASDEX,0xE02,GHI789,1,37.61224,-122.3877,0.06,4,100,100,,5,218,0,,,0,,unassigned,,,,,,,,,,,,,AMA,657,,71c008,,,,,
3,1578124163,7687,3322,,SFO+ASDEX,0xE02,GHI789,1,37.61182,-122.38793,0.06,2,100,100,,5,203,0,,,0,,unassigned,,,,,,,,,,,,,AMA,4087,,71c008,,,,,
3,1578124164,7687,3322,,SFO+ASDEX,0xE02,GHI789,1,37.61179,-122.38793,0.06,10,100,100,,5,180,0,,,0,,unassigned,,,,,,,,,,,,,AMA,4087,,71c008,,,,,
3,1578124165,7687,3322,,SFO+ASDEX,0xE02,GHI789,1,37.61177,-122.38793,0.06,2,100,100,,6,180,0,,,0,,unassigned,,,,,,,,,,,,,AMA,4087,,71c008,,,,,
3,1578124166,7687,3322,,SFO+ASDEX,0xE02,GHI789,1,37.61175,-122.38794,0.06,1,100,100,,5,202,0,,,0,,unassigned,,,,,,,,,,,,,AMA,4087,,71c008,,,,,
3,1578124167,7687,3322,,SFO+ASDEX,0xE02,GHI789,1,37.61175,-122.38801,0.06,1,100,100,,7,270,0,,,0,,unassigned,,,,,,,,,,,,,AMA,4087,,71c008,,,,,
3,1578124168,7687,3322,,SFO+ASDEX,0xE02,GHI789,1,37.61174,-122.38803,0.06,1,100,100,,7,238,0,,,0,,unassigned,,,,,,,,,,,,,AMA,4087,,71c008,,,,,
3,1578124169,7687,3322,,SFO+ASDEX,0xE02,GHI789,1,37.61168,-122.38804,0.06,1,100,100,,7,188,0,,,0,,unassigned,,,,,,,,,,,,,AMA,4087,,71c008,,,,,
3,1578124171,7687,3322,,SFO+ASDEX,0xE02,GHI789,1,37.61165,-122.38805,0.06,1,100,100,,6,195,0,,,0,,unassigned,,,,,,,,,,,,,AMA,4087,,71c008,,,,,
3,1578124172,7687,3322,,SFO+ASDEX,0xE02,GHI789,1,37.61164,-122.38806,0.06,1,100,100,,7,218,0,,,0,,unassigned,,,,,,,,,,,,,AMA,4087,,71c008,,,,,
3,1578124173,7687,3322,,SFO+ASDEX,0xE02,GHI789,1,37.6116,-122.38805,0.06,1,100,100,,5,169,0,,,0,,unassigned,,,,,,,,,,,,,AMA,4087,,71c008,,,,,
3,1578124174,7687,3322,,SFO+ASDEX,0xE02,GHI789,1,37.61157,-122.38806,0.06,9,100,100,,5,195,0,,,0,,unassigned,,,,,,,,,,,,,AMA,4087,,71c008,,,,,
3,1578124175,7687,3322,,SFO+ASDEX,0xE02,GHI789,1,37.61155,-122.38807,0.06,2,100,100,,5,202,0,,,0,,unassigned,,,,,,,,,,,,,AMA,4087,,71c008,,,,,
3,1578124176,7687,3322,,SFO+ASDEX,0xE02,GHI789,1,37.61154,-122.38808,0.06,1,100,100,,4,218,0,,,0,,unassigned,,,,,,,,,,,,,AMA,4087,,71c008,,,,,
3,1578124177,7687,3322,,SFO+ASDEX,0xE02,GHI789,1,37.61155,-122.3881,0.06,1,100,100,,4,302,0,,,0,,unassigned,,,,,,,,,,,,,AMA,4087,,71c008,,,,,
3,1578124179,7687,3322,,SFO+ASDEX,0xE02,GHI789,1,37.61154,-122.38813,0.06,1,100,100,,3,247,0,,,0,,unassigned,,,,,,,,,,,,,AMA,4087,,71c008,,,,,
3,1578124180,7687,3322,,SFO+ASDEX,0xE02,GHI789,1,37.61152,-122.38815,0.06,1,100,100,,3,218,0,,,0,,unassigned,,,,,,,,,,,,,AMA,4087,,71c008,,,,,
3,1578124183,7687,3322,,SFO+ASDEX,0xE02,GHI789,1,37.61151,-122.38816,0.06,1,100,100,,4,218,0,,,0,,unassigned,,,,,,,,,,,,,AMA,4087,,71c008,,,,,
3,1578124184,7687,3322,,SFO+ASDEX,0xE02,GHI789,1,37.6115,-122.38816,0.06,1,100,100,,3,180,0,,,0,,unassigned,,,,,,,,,,,,,AMA,4087,,71c008,,,,,
3,1578124185,7687,3322,,SFO+ASDEX,0xE02,GHI789,1,37.61147,-122.38818,0.06,1,100,100,,2,208,0,,,0,,unassigned,,,,,,,,,,,,,AMA,4087,,71c008,,,,,
3,1578124187,7687,3322,,SFO+ASDEX,0xE02,GHI789,1,37.61146,-122.38817,0.06,1,100,100,,2,142,0,,,0,,unassigned,,,,,,,,,,,,,AMA,4087,,71c008,,,,,
3,1578124189,7687,3322,,SFO+ASDEX,0xE02,GHI789,1,37.61145,-122.38814,0.06,1,100,100,,2,113,0,,,0,,unassigned,,,,,,,,,,,,,AMA,4087,,71c008,,,,,
3,1578124190,7687,3322,,SFO+ASDEX,0xE02,GHI789,1,37.61145,-122.38813,0.06,1,100,100,,2,90,0,,,0,,unassigned,,,,,,,,,,,,,AMA,4087,,71c008,,,,,
3,1578124192,7687,3322,,SFO+ASDEX,0xE02,GHI789,1,37.61145,-122.38812,0.06,1,100,100,,2,90,0,,,0,,unassigned,,,,,,,,,,,,,AMA,4087,,71c008,,,,,
3,1578124193,7687,3322,,SFO+ASDEX,0xE02,GHI789,1,37.61145,-122.38811,0.06,10,100,100,,2,90,0,,,0,,unassigned,,,,,,,,,,,,,AMA,4087,,71c008,,,,,
3,1578124194,7687,3322,,SFO+ASDEX,0xE02,GHI789,1,37.61145,-122.3881,0.06,1,100,100,,2,90,0,,,0,,unassigned,,,,,,,,,,,,,AMA,4087,,71c008,,,,,
3,1578124196,7687,3322,,SFO+ASDEX,0xE02,GHI789,1,37.61144,-122.38809,0.06,1,100,100,,2,142,0,,,0,,unassigned,,,,,,,,,,,,,AMA,4087,,71c008,,,,,
3,1578124197,7687,3322,,SFO+ASDEX,0xE02,GHI789,1,37.61144,-122.38808,0.06,1,100,100,,2,90,0,,,0,,unassigned,,,,,,,,,,,,,AMA,4087,,71c008,,,,,
3,1578124389,7687,3322,,SFO+ASDEX,0xE02,GHI789,1,37.61145,-122.3882,0.06,1,100,100,,0,276,0,,,0,,unassigned,,,,,,,,,,,,,AMA,3976,,71c008,,,,,
3,1578124390,7687,3322,,SFO+ASDEX,0xE02,GHI789,1,37.61143,-122.38821,0.06,2,100,100,,3,202,0,,,0,,unassigned,,,,,,,,,,,,,AMA,3976,,71c008,,,,,
3,1578124391,7687,3322,,SFO+ASDEX,0xE02,GHI789,1,37.61142,-122.38821,0.06,1,100,100,,3,180,0,,,0,,unassigned,,,,,,,,,,,,,AMA,3976,,71c008,,,,,
3,1578124393,7687,3322,,SFO+ASDEX,0xE02,GHI789,1,37.61138,-122.38822,0.06,1,100,100,,3,191,0,,,0,,unassigned,,,,,,,,,,,,,AMA,3976,,71c008,,,,,
3,1578124394,7687,3322,,SFO+ASDEX,0xE02,GHI789,1,37.61137,-122.38823,0.06,10,100,100,,3,218,0,,,0,,unassigned,,,,,,,,,,,,,AMA,3976,,71c008,,,,,
3,1578124396,7687,3322,,SFO+ASDEX,0xE02,GHI789,1,37.61136,-122.38824,0.06,1,100,100,,3,218,0,,,0,,unassigned,,,,,,,,,,,,,AMA,3976,,71c008,,,,,
3,1578124397,7687,3322,,SFO+ASDEX,0xE02,GHI789,1,37.61134,-122.38826,0.06,10,100,100,,3,218,0,,,0,,unassigned,,,,,,,,,,,,,AMA,3976,,71c008,,,,,
3,1578124398,7687,3322,,SFO+ASDEX,0xE02,GHI789,1,37.61133,-122.38827,0.06,1,100,100,,3,219,0,,,0,,unassigned,,,,,,,,,,,,,AMA,3976,,71c008,,,,,
3,1578124399,7687,3322,,SFO+ASDEX,0xE02,GHI789,1,37.61132,-122.38827,0.06,2,100,100,,4,180,0,,,0,,unassigned,,,,,,,,,,,,,AMA,3976,,71c008,,,,,
3,1578124400,7687,3322,,SFO+ASDEX,0xE02,GHI789,1,37.6113,-122.38828,0.06,1,100,100,,4,202,0,,,0,,unassigned,,,,,,,,,,,,,AMA,3976,,71c008,,,,,
3,1578124402,7687,3322,,SFO+ASDEX,0xE02,GHI789,1,37.61127,-122.3883,0.06,1,100,100,,4,208,0,,,0,,unassigned,,,,,,,,,,,,,AMA,3976,,71c008,,,,,
3,1578124403,7687,3322,,SFO+ASDEX,0xE02,GHI789,1,37.61123,-122.38833,0.06,4,100,100,,6,211,0,,,0,,unassigned,,,,,,,,,,,,,AMA,3976,,71c008,,,,,
3,1578124404,7687,3322,,SFO+ASDEX,0xE02,GHI789,1,37.61122,-122.38834,0.06,2,100,100,,7,218,0,,,0,,unassigned,,,,,,,,,,,,,AMA,3976,,71c008,,,,,
3,1578124405,7687,3322,,SFO+ASDEX,0xE02,GHI789,1,37.61118,-122.38835,0.06,1,100,100,,8,191,0,,,0,,unassigned,,,,,,,,,,,,,AMA,3976,,71c008,,,,,
3,1578124406,7687,3322,,SFO+ASDEX,0xE02,GHI789,1,37.61116,-122.38839,0.06,2,100,100,,8,238,0,,,0,,unassigned,,,,,,,,,,,,,AMA,3976,,71c008,,,,,
3,1578124407,7687,3322,,SFO+ASDEX,0xE02,GHI789,1,37.61114,-122.38841,0.06,1,100,100,,8,218,0,,,0,,unassigned,,,,,,,,,,,,,AMA,3976,,71c008,,,,,
3,1578124408,7687,3322,,SFO+ASDEX,0xE02,GHI789,1,37.6111,-122.38841,0.06,1,100,100,,8,180,0,,,0,,unassigned,,,,,,,,,,,,,AMA,3976,,71c008,,,,,
3,1578124409,7687,3322,,SFO+ASDEX,0xE02,GHI789,1,37.61107,-122.38843,0.06,1,100,100,,8,208,0,,,0,,unassigned,,,,,,,,,,,,,AMA,3976,,71c008,,,,,
3,1578124412,7687,3322,,SFO+ASDEX,0xE02,GHI789,1,37.61096,-122.38847,0.06,1,100,100,,8,196,0,,,0,,unassigned,,,,,,,,,,,,,AMA,3976,,71c008,,,,,
3,1578124413,7687,3322,,SFO+ASDEX,0xE02,GHI789,1,37.61093,-122.38852,0.06,1,100,100,,8,233,0,,,0,,unassigned,,,,,,,,,,,,,AMA,3976,,71c008,,,,,
3,1578124414,7687,3322,,SFO+ASDEX,0xE02,GHI789,1,37.61091,-122.38853,0.06,1,100,100,,9,202,0,,,0,,unassigned,,,,,,,,,,,,,AMA,3976,,71c008,,,,,
3,1578124415,7687,3322,,SFO+ASDEX,0xE02,GHI789,1,37.61089,-122.38856,0.06,1,100,100,,10,230,0,,,0,,unassigned,,,,,,,,,,,,,AMA,3976,,71c008,,,,,
3,1578124416,7687,3322,,SFO+ASDEX,0xE02,GHI789,1,37.61083,-122.38858,0.06,10,100,100,,8,195,0,,,0,,unassigned,,,,,,,,,,,,,AMA,3976,,71c008,,,,,
3,1578124417,7687,3322,,SFO+ASDEX,0xE02,GHI789,1,37.61078,-122.3886,0.06,1,100,100,,10,198,0,,,0,,unassigned,,,,,,,,,,,,,AMA,3976,,71c008,,,,,
3,1578124418,7687,3322,,SFO+ASDEX,0xE02,GHI789,1,37.61077,-122.38862,0.06,1,100,100,,11,238,0,,,0,,unassigned,,,,,,,,,,,,,AMA,3976,,71c008,,,,,
3,1578124419,7687,3322,,SFO+ASDEX,0xE02,GHI789,1,37.61072,-122.38863,0.06,2,100,100,,8,189,0,,,0,,unassigned,,,,,,,,,,,,,AMA,3976,,71c008,,,,,
3,1578124420,7687,3322,,SFO+ASDEX,0xE02,GHI789,1,37.61069,-122.38866,0.06,6,100,100,,7,218,0,,,0,,unassigned,,,,,,,,,,,,,AMA,3976,,71c008,,,,,
3,1578124421,7687,3322,,SFO+ASDEX,0xE02,GHI789,1,37.61067,-122.38867,0.06,9,100,100,,7,202,0,,,0,,unassigned,,,,,,,,,,,,,AMA,3976,,71c008,,,,,
3,1578124422,7687,3322,,SFO+ASDEX,0xE02,GHI789,1,37.61064,-122.38869,0.06,1,100,100,,7,208,0,,,0,,unassigned,,,,,,,,,,,,,AMA,3976,,71c008,,,,,
3,1578124423,7687,3322,,SFO+ASDEX,0xE02,GHI789,1,37.61063,-122.38872,0.06,1,100,100,,6,247,0,,,0,,unassigned,,,,,,,,,,,,,AMA,3976,,71c008,,,,,
3,1578124424,7687,3322,,SFO+ASDEX,0xE02,GHI789,1,37.6106,-122.38874,0.06,1,100,100,,6,208,0,,,0,,unassigned,,,,,,,,,,,,,AMA,3976,,71c008,,,,,
3,1578124425,7687,3322,,SFO+ASDEX,0xE02,GHI789,1,37.61058,-122.38874,0.06,1,100,100,,6,180,0,,,0,,unassigned,,,,,,,,,,,,,AMA,3976,,71c008,,,,,
3,1578124426,7687,3322,,SFO+ASDEX,0xE02,GHI789,1,37.61056,-122.38875,0.06,3,100,100,,6,202,0,,,0,,unassigned,,,,,,,,,,,,,AMA,3976,,71c008,,,,,
3,1578124427,7687,3322,,SFO+ASDEX,0xE02,GHI789,1,37.61053,-122.38878,0.06,3,100,100,,5,218,0,,,0,,unassigned,,,,,,,,,,,,,AMA,3976,,71c008,,,,,
3,1578124428,7687,3322,,SFO+ASDEX,0xE02,GHI789,1,37.61051,-122.38879,0.06,10,100,100,,6,202,0,,,0,,unassigned,,,,,,,,,,,,,AMA,3976,,71c008,,,,,
3,1578124429,7687,3322,,SFO+ASDEX,0xE02,GHI789,1,37.61049,-122.3888,0.06,1,100,100,,8,202,0,,,0,,unassigned,,,,,,,,,,,,,AMA,3976,,71c008,,,,,
3,1578124430,7687,3322,,SFO+ASDEX,0xE02,GHI789,1,37.61044,-122.38882,0.06,9,100,100,,9,198,0,,,0,,unassigned,,,,,,,,,,,,,AMA,3976,,71c008,,,,,
3,1578124431,7687,3322,,SFO+ASDEX,0xE02,GHI789,1,37.61039,-122.38885,0.06,10,100,100,,11,205,0,,,0,,unassigned,,,,,,,,,,,,,AMA,3976,,71c008,,,,,
3,1578124432,7687,3322,,SFO+ASDEX,0xE02,GHI789,1,37.61035,-122.38887,0.06,9,100,100,,11,202,0,,,0,,unassigned,,,,,,,,,,,,,AMA,3976,,71c008,,,,,
3,1578124433,7687,3322,,SFO+ASDEX,0xE02,GHI789,1,37.6103,-122.38889,0.06,2,100,100,,10,198,0,,,0,,unassigned,,,,,,,,,,,,,AMA,3976,,71c008,,,,,
3,1578124434,7687,3322,,SFO+ASDEX,0xE02,GHI789,1,37.61027,-122.38892,0.06,7,100,100,,8,218,0,,,0,,unassigned,,,,,,,,,,,,,AMA,3976,,71c008,,,,,
3,1578124435,7687,3322,,SFO+ASDEX,0xE02,GHI789,1,37.61025,-122.38895,0.06,2,100,100,,7,230,0,,,0,,unassigned,,,,,,,,,,,,,AMA,3976,,71c008,,,,,
3,1578124436,7687,3322,,SFO+ASDEX,0xE02,GHI789,1,37.61022,-122.38896,0.06,1,100,100,,7,195,0,,,0,,unassigned,,,,,,,,,,,,,AMA,3976,,71c008,,,,,
3,1578124437,7687,3322,,SFO+ASDEX,0xE02,GHI789,1,37.6102,-122.38898,0.06,1,100,100,,8,218,0,,,0,,unassigned,,,,,,,,,,,,,AMA,3976,,71c008,,,,,
3,1578124438,7687,3322,,SFO+ASDEX,0xE02,GHI789,1,37.61016,-122.38899,0.06,1,100,100,,9,191,0,,,0,,unassigned,,,,,,,,,,,,,AMA,3976,,71c008,,,,,
3,1578124439,7687,3322,,SFO+ASDEX,0xE02,GHI789,1,37.61011,-122.38904,0.06,10,100,100,,10,218,0,,,0,,unassigned,,,,,,,,,,,,,AMA,3976,,71c008,,,,,
3,1578124440,7687,3322,,SFO+ASDEX,0xE02,GHI789,1,37.61007,-122.38908,0.06,9,100,100,,11,218,0,,,0,,unassigned,,,,,,,,,,,,,AMA,3976,,71c008,,,,,
3,1578124441,7687,3322,,SFO+ASDEX,0xE02,GHI789,1,37.61003,-122.38911,0.06,10,100,100,,11,211,0,,,0,,unassigned,,,,,,,,,,,,,AMA,3976,,71c008,,,,,
3,1578124442,7687,3322,,SFO+ASDEX,0xE02,GHI789,1,37.60999,-122.38914,0.06,9,100,100,,10,211,0,,,0,,unassigned,,,,,,,,,,,,,AMA,3976,,71c008,,,,,
3,1578124443,7687,3322,,SFO+ASDEX,0xE02,GHI789,1,37.60997,-122.38916,0.06,1,100,100,,9,218,0,,,0,,unassigned,,,,,,,,,,,,,AMA,3976,,71c008,,,,,
3,1578124444,7687,3322,,SFO+ASDEX,0xE02,GHI789,1,37.60993,-122.38916,0.06,7,100,100,,9,180,0,,,0,,unassigned,,,,,,,,,,,,,AMA,3976,,71c008,,,,,
3,1578124445,7687,3322,,SFO+ASDEX,0xE02,GHI789,1,37.60989,-122.38917,0.06,10,100,100,,9,191,0,,,0,,unassigned,,,,,,,,,,,,,AMA,3976,,71c008,,,,,
3,1578124446,7687,3322,,SFO+ASDEX,0xE02,GHI789,1,37.60985,-122.38918,0.06,7,100,100,,9,191,0,,,0,,unassigned,,,,,,,,,,,,,AMA,3976,,71c008,,,,,
3,1578124447,7687,3322,,SFO+ASDEX,0xE02,GHI789,1,37.60979,-122.38918,0.06,1,100,100,,9,180,0,,,0,,unassigned,,,,,,,,,,,,,AMA,3976,,71c008,,,,,
3,1578124448,7687,3322,,SFO+ASDEX,0xE02,GHI789,1,37.60978,-122.38917,0.06,1,100,100,,10,141,0,,,0,,unassigned,,,,,,,,,,,,,AMA,3976,,71c008,,,,,
3,1578124450,7687,3322,,SFO+ASDEX,0xE02,GHI789,1,37.60971,-122.38912,0.06,1,100,100,,11,150,0,,,0,,unassigned,,,,,,,,,,,,,AMA,3976,,71c008,,,,,
3,1578124451,7687,3322,,SFO+ASDEX,0xE02,GHI789,1,37.60966,-122.3891,0.06,10,100,100,,9,162,0,,,0,,unassigned,,,,,,,,,,,,,AMA,3976,,71c008,,,,,
3,1578124452,7687,3322,,SFO+ASDEX,0xE02,GHI789,1,37.60961,-122.38908,0.06,5,100,100,,11,162,0,,,0,,unassigned,,,,,,,,,,,,,AMA,3976,,71c008,,,,,
3,1578124453,7687,3322,,SFO+ASDEX,0xE02,GHI789,1,37.60959,-122.38906,0.06,8,100,100,,11,142,0,,,0,,unassigned,,,,,,,,,,,,,AMA,3976,,71c008,,,,,
3,1578124454,7687,3322,,SFO+ASDEX,0xE02,GHI789,1,37.60953,-122.38902,0.06,1,100,100,,10,152,0,,,0,,unassigned,,,,,,,,,,,,,AMA,3976,,71c008,,,,,
3,1578124455,7687,3322,,SFO+ASDEX,0xE02,GHI789,1,37.6095,-122.38899,0.06,8,100,100,,11,142,0,,,0,,unassigned,,,,,,,,,,,,,AMA,3976,,71c008,,,,,
3,1578124456,7687,3322,,SFO+ASDEX,0xE02,GHI789,1,37.60947,-122.38895,0.13,10,100,100,,12,133,420,,,0,,unassigned,,,,,,,,,,,,,AMA,3976,,71c008,,,,,
3,1578124457,7687,3322,,SFO+ASDEX,0xE02,GHI789,1,37.60943,-122.38889,0.13,5,100,100,,11,130,0,,,0,,unassigned,,,,,,,,,,,,,AMA,3976,,71c008,,,,,
3,1578124458,7687,3322,,SFO+ASDEX,0xE02,GHI789,1,37.60938,-122.38885,0.13,5,100,100,,11,148,0,,,0,,unassigned,,,,,,,,,,,,,AMA,3976,,71c008,,,,,
3,1578124459,7687,3322,,SFO+ASDEX,0xE02,GHI789,1,37.60936,-122.3888,0.13,7,100,100,,11,117,0,,,0,,unassigned,,,,,,,,,,,,,AMA,3976,,71c008,,,,,
3,1578124460,7687,3322,,SFO+ASDEX,0xE02,GHI789,1,37.60933,-122.38876,0.13,9,100,100,,10,133,0,,,0,,unassigned,,,,,,,,,,,,,AMA,3976,,71c008,,,,,
3,1578124461,7687,3322,,SFO+ASDEX,0xE02,GHI789,1,37.60931,-122.38872,0.13,10,100,100,,9,122,0,,,0,,unassigned,,,,,,,,,,,,,AMA,3976,,71c008,,,,,
3,1578124462,7687,3322,,SFO+ASDEX,0xE02,GHI789,1,37.60928,-122.38867,0.13,2,100,100,,9,127,0,,,0,,unassigned,,,,,,,,,,,,,AMA,3976,,71c008,,,,,
3,1578124463,7687,3322,,SFO+ASDEX,0xE02,GHI789,1,37.60928,-122.38863,0.13,3,100,100,,9,88,0,,,0,,unassigned,,,,,,,,,,,,,AMA,3976,,71c008,,,,,
3,1578124464,7687,3322,,SFO+ASDEX,0xE02,GHI789,1,37.60927,-122.38859,0.13,10,100,100,,9,108,0,,,0,,unassigned,,,,,,,,,,,,,AMA,3976,,71c008,,,,,
3,1578124465,7687,3322,,SFO+ASDEX,0xE02,GHI789,1,37.60926,-122.38853,0.13,2,100,100,,9,102,0,,,0,,unassigned,,,,,,,,,,,,,AMA,3976,,71c008,,,,,
3,1578124466,7687,3322,,SFO+ASDEX,0xE02,GHI789,1,37.60924,-122.38849,0.13,10,100,100,,10,122,0,,,0,,unassigned,,,,,,,,,,,,,AMA,3976,,71c008,,,,,
3,1578124467,7687,3322,,SFO+ASDEX,0xE02,GHI789,1,37.60921,-122.38844,0.13,9,100,100,,10,127,0,,,0,,unassigned,,,,,,,,,,,,,AMA,3976,,71c008,,,,,
3,1578124468,7687,3322,,SFO+ASDEX,0xE02,GHI789,1,37.60919,-122.38839,0.13,8,100,100,,8,117,0,,,0,,unassigned,,,,,,,,,,,,,AMA,3976,,71c008,,,,,
3,1578124469,7687,3322,,SFO+ASDEX,0xE02,GHI789,1,37.60917,-122.38836,0.13,10,100,100,,9,130,0,,,0,,unassigned,,,,,,,,,,,,,AMA,3976,,71c008,,,,,
3,1578124470,7687,3322,,SFO+ASDEX,0xE02,GHI789,1,37.60915,-122.38833,0.13,10,100,100,,9,130,0,,,0,,unassigned,,,,,,,,,,,,,AMA,3976,,71c008,,,,,
3,1578124471,7687,3322,,SFO+ASDEX,0xE02,GHI789,1,37.60911,-122.38828,0.13,7,100,100,,10,135,0,,,0,,unassigned,,,,,,,,,,,,,AMA,3976,,71c008,,,,,
3,1578124472,7687,3322,,SFO+ASDEX,0xE02,GHI789,1,37.60909,-122.38823,0.13,10,100,100,,11,117,0,,,0,,unassigned,,,,,,,,,,,,,AMA,3976,,71c008,,,,,
3,1578124473,7687,3322,,SFO+ASDEX,0xE02,GHI789,1,37.60906,-122.38816,0.13,10,100,100,,11,118,0,,,0,,unassigned,,,,,,,,,,,,,AMA,3976,,71c008,,,,,
3,1578124474,7687,3322,,SFO+ASDEX,0xE02,GHI789,1,37.60904,-122.3881,0.13,10,100,100,,10,113,0,,,0,,unassigned,,,,,,,,,,,,,AMA,3976,,71c008,,,,,
3,1578124475,7687,3322,,SFO+ASDEX,0xE02,GHI789,1,37.60903,-122.38807,0.13,2,100,100,,9,113,0,,,0,,unassigned,,,,,,,,,,,,,AMA,3976,,71c008,,,,,
3,1578124476,7687,3322,,SFO+ASDEX,0xE02,GHI789,1,37.60902,-122.38802,0.13,4,100,100,,8,104,0,,,0,,unassigned,,,,,,,,,,,,,AMA,3976,,71c008,,,,,
3,1578124477,7687,3322,,SFO+ASDEX,0xE02,GHI789,1,37.60902,-122.38799,0.13,4,100,100,,7,88,0,,,0,,unassigned,,,,,,,,,,,,,AMA,3976,,71c008,,,,,
3,1578124478,7687,3322,,SFO+ASDEX,0xE02,GHI789,1,37.60901,-122.38794,0.13,1,100,100,,8,104,0,,,0,,unassigned,,,,,,,,,,,,,AMA,3976,,71c008,,,,,
3,1578124479,7687,3322,,SFO+ASDEX,0xE02,GHI789,1,37.60898,-122.38793,0.13,1,100,100,,9,165,0,,,0,,unassigned,,,,,,,,,,,,,AMA,3976,,71c008,,,,,
3,1578124480,7687,3322,,SFO+ASDEX,0xE02,GHI789,1,37.60896,-122.38788,0.13,10,100,100,,9,117,0,,,0,,unassigned,,,,,,,,,,,,,AMA,3976,,71c008,,,,,
3,1578124481,7687,3322,,SFO+ASDEX,0xE02,GHI789,1,37.60894,-122.38783,0.13,10,100,100,,8,117,0,,,0,,unassigned,,,,,,,,,,,,,AMA,3976,,71c008,,,,,
3,1578124482,7687,3322,,SFO+ASDEX,0xE02,GHI789,1,37.60893,-122.38781,0.13,9,100,100,,9,122,0,,,0,,unassigned,,,,,,,,,,,,,AMA,3976,,71c008,,,,,
3,1578124483,7687,3322,,SFO+ASDEX,0xE02,GHI789,1,37.60892,-122.38777,0.13,10,100,100,,8,108,0,,,0,,unassigned,,,,,,,,,,,,,AMA,3976,,71c008,,,,,
3,1578124484,7687,3322,,SFO+ASDEX,0xE02,GHI789,1,37.6089,-122.38771,0.13,10,100,100,,7,113,0,,,0,,unassigned,,,,,,,,,,,,,AMA,3976,,71c008,,,,,
3,1578124485,7687,3322,,SFO+ASDEX,0xE02,GHI789,1,37.60889,-122.38768,0.13,3,100,100,,7,113,0,,,0,,unassigned,,,,,,,,,,,,,AMA,3976,,71c008,,,,,
3,1578124486,7687,3322,,SFO+ASDEX,0xE02,GHI789,1,37.60887,-122.38765,0.13,3,100,100,,9,130,0,,,0,,unassigned,,,,,,,,,,,,,AMA,3976,,71c008,,,,,
3,1578124487,7687,3322,,SFO+ASDEX,0xE02,GHI789,1,37.60886,-122.38761,0.13,3,100,100,,8,108,0,,,0,,unassigned,,,,,,,,,,,,,AMA,3976,,71c008,,,,,
3,1578124488,7687,3322,,SFO+ASDEX,0xE02,GHI789,1,37.60882,-122.38755,0.13,3,100,100,,8,130,0,,,0,,unassigned,,,,,,,,,,,,,AMA,3976,,71c008,,,,,
3,1578124489,7687,3322,,SFO+ASDEX,0xE02,GHI789,1,37.60881,-122.3875,0.13,3,100,100,,8,104,0,,,0,,unassigned,,,,,,,,,,,,,AMA,3976,,71c008,,,,,
3,1578124490,7687,3322,,SFO+ASDEX,0xE02,GHI789,1,37.60879,-122.38747,0.13,9,100,100,,9,130,0,,,0,,unassigned,,,,,,,,,,,,,AMA,3976,,71c008,,,,,
3,1578124491,7687,3322,,SFO+ASDEX,0xE02,GHI789,1,37.60877,-122.38743,0.13,3,100,100,,8,122,0,,,0,,unassigned,,,,,,,,,,,,,AMA,3976,,71c008,,,,,
3,1578124492,7687,3322,,SFO+ASDEX,0xE02,GHI789,1,37.60876,-122.38738,0.13,3,100,100,,7,104,0,,,0,,unassigned,,,,,,,,,,,,,AMA,3976,,71c008,,,,,
3,1578124493,7687,3322,,SFO+ASDEX,0xE02,GHI789,1,37.60874,-122.38735,0.13,10,100,100,,8,130,0,,,0,,unassigned,,,,,,,,,,,,,AMA,3976,,71c008,,,,,
3,1578124494,7687,3322,,SFO+ASDEX,0xE02,GHI789,1,37.60872,-122.38732,0.13,5,100,100,,8,130,0,,,0,,unassigned,,,,,,,,,,,,,AMA,3976,,71c008,,,,,
3,1578124495,7687,3322,,SFO+ASDEX,0xE02,GHI789,1,37.6087,-122.38727,0.13,3,100,100,,8,117,0,,,0,,unassigned,,,,,,,,,,,,,AMA,3976,,71c008,,,,,
3,1578124496,7687,3322,,SFO+ASDEX,0xE02,GHI789,1,37.60868,-122.38725,0.13,3,100,100,,9,142,0,,,0,,unassigned,,,,,,,,,,,,,AMA,3976,,71c008,,,,,
3,1578124497,7687,3322,,SFO+ASDEX,0xE02,GHI789,1,37.60866,-122.3872,0.13,10,100,100,,9,117,0,,,0,,unassigned,,,,,,,,,,,,,AMA,3976,,71c008,,,,,
3,1578124498,7687,3322,,SFO+ASDEX,0xE02,GHI789,1,37.60863,-122.38711,0.13,10,100,100,,10,113,0,,,0,,unassigned,,,,,,,,,,,,,AMA,3976,,71c008,,,,,
3,1578124499,7687,3322,,SFO+ASDEX,0xE02,GHI789,1,37.60862,-122.38707,0.13,10,100,100,,11,107,0,,,0,,unassigned,,,,,,,,,,,,,AMA,3976,,71c008,,,,,
3,1578124500,7687,3322,,SFO+ASDEX,0xE02,GHI789,1,37.6086,-122.387,0.13,9,100,100,,10,110,0,,,0,,unassigned,,,,,,,,,,,,,AMA,3976,,71c008,,,,,
3,1578124501,7687,3322,,SFO+ASDEX,0xE02,GHI789,1,37.60859,-122.38695,0.13,7,100,100,,9,104,0,,,0,,unassigned,,,,,,,,,,,,,AMA,3976,,71c008,,,,,
3,1578124502,7687,3322,,SFO+ASDEX,0xE02,GHI789,1,37.60857,-122.38692,0.13,7,100,100,,10,130,0,,,0,,unassigned,,,,,,,,,,,,,AMA,3976,,71c008,,,,,
3,1578124503,7687,3322,,SFO+ASDEX,0xE02,GHI789,1,37.60855,-122.38687,0.13,10,100,100,,9,117,0,,,0,,unassigned,,,,,,,,,,,,,AMA,3976,,71c008,,,,,
3,1578124504,7687,3322,,SFO+ASDEX,0xE02,GHI789,1,37.60853,-122.38681,0.13,8,100,100,,10,113,0,,,0,,unassigned,,,,,,,,,,,,,AMA,3976,,71c008,,,,,
3,1578124505,7687,3322,,SFO+ASDEX,0xE02,GHI789,1,37.60852,-122.38676,0.13,7,100,100,,10,104,0,,,0,,unassigned,,,,,,,,,,,,,AMA,3976,,71c008,,,,,
3,1578124506,7687,3322,,SFO+ASDEX,0xE02,GHI789,1,37.6085,-122.38671,0.13,10,100,100,,10,117,0,,,0,,unassigned,,,,,,,,,,,,,AMA,3976,,71c008,,,,,
3,1578124507,7687,3322,,SFO+ASDEX,0xE02,GHI789,1,37.60848,-122.38667,0.13,10,100,100,,11,122,0,,,0,,unassigned,,,,,,,,,,,,,AMA,3976,,71c008,,,,,
3,1578124508,7687,3322,,SFO+ASDEX,0xE02,GHI789,1,37.60845,-122.3866,0.13,10,100,100,,12,118,0,,,0,,unassigned,,,,,,,,,,,,,AMA,3976,,71c008,,,,,
3,1578124509,7687,3322,,SFO+ASDEX,0xE02,GHI789,1,37.60842,-122.38654,0.13,10,100,100,,11,122,0,,,0,,unassigned,,,,,,,,,,,,,AMA,3976,,71c008,,,,,
3,1578124510,7687,3322,,SFO+ASDEX,0xE02,GHI789,1,37.60839,-122.38648,0.13,10,100,100,,12,122,0,,,0,,unassigned,,,,,,,,,,,,,AMA,3976,,71c008,,,,,
3,1578124511,7687,3322,,SFO+ASDEX,0xE02,GHI789,1,37.60837,-122.38644,0.13,9,100,100,,11,122,0,,,0,,unassigned,,,,,,,,,,,,,AMA,3976,,71c008,,,,,
3,1578124512,7687,3322,,SFO+ASDEX,0xE02,GHI789,1,37.60834,-122.38639,0.13,10,100,100,,10,127,0,,,0,,unassigned,,,,,,,,,,,,,AMA,3976,,71c008,,,,,
3,1578124513,7687,3322,,SFO+ASDEX,0xE02,GHI789,1,37.60832,-122.38636,0.13,6,100,100,,9,130,0,,,0,,unassigned,,,,,,,,,,,,,AMA,3976,,71c008,,,,,
3,1578124514,7687,3322,,SFO+ASDEX,0xE02,GHI789,1,37.60831,-122.38631,0.13,10,100,100,,9,104,0,,,0,,unassigned,,,,,,,,,,,,,AMA,3976,,71c008,,,,,
3,1578124515,7687,3322,,SFO+ASDEX,0xE02,GHI789,1,37.6083,-122.38626,0.13,6,100,100,,9,104,0,,,0,,unassigned,,,,,,,,,,,,,AMA,3976,,71c008,,,,,
3,1578124516,7687,3322,,SFO+ASDEX,0xE02,GHI789,1,37.60828,-122.38622,0.13,7,100,100,,9,122,0,,,0,,unassigned,,,,,,,,,,,,,AMA,3976,,71c008,,,,,
3,1578124517,7687,3322,,SFO+ASDEX,0xE02,GHI789,1,37.60825,-122.38618,0.13,7,100,100,,9,133,0,,,0,,unassigned,,,,,,,,,,,,,AMA,3976,,71c008,,,,,
3,1578124518,7687,3322,,SFO+ASDEX,0xE02,GHI789,1,37.60823,-122.38614,0.13,10,100,100,,9,122,0,,,0,,unassigned,,,,,,,,,,,,,AMA,3976,,71c008,,,,,
